record_id,recorded_at,run_finished_at,dataset_key,category,split_stem,variant,tokenizer_family,tokenizer_research_stage,tokenizer_source_kind,tokenizer_status,generated_collision_rate,generated_collision_count,downstream_sft_count,downstream_rl_count,train_ckpt_path,train_summary_path,generated_index_path,sid_index_path,data_root,launch_readme,notes
tok_industrial_original_semantic,2026-04-14,-,industrial,Industrial_and_Scientific,Industrial_and_Scientific_5_2016-10-2018-11,original_semantic_industrial,original_semantic,baseline,repo_index,rl_evaluated,0.0043407488,16,7,4,-,-,-,./data/Amazon/index/Industrial_and_Scientific.index.json,./data/Amazon,-,Repo default semantic SID space used by the original MiniOneRec SFT/RL baselines.
tok_office_original_semantic,2026-04-14,-,office,Office_Products,Office_Products_5_2016-10-2018-11,original_semantic_office,original_semantic,baseline,repo_index,rl_evaluated,0.0043365134,15,1,4,-,-,-,./data/Amazon/index/Office_Products.index.json,./data/Amazon,-,Repo default semantic SID space used by the Office legacy baselines.
tok_industrial_mgr_upstream_baseline,2026-04-09,-,industrial,Industrial_and_Scientific,Industrial_and_Scientific_5_2016-10-2018-11,mgr_upstream_baseline,mgr_v1_upstream,v1_upstream,generated,sft_evaluated,0.0035268584,13,1,0,/data/leejt/OneRec/output_weights/experiments/mgr_sid_v1_upstream/industrial_baseline/Apr-09-2026_23-09-22/best_collision_model.pth,/data/leejt/OneRec/output_weights/experiments/mgr_sid_v1_upstream/industrial_baseline/Apr-09-2026_23-09-22/summary.json,/data/leejt/OneRec/output_weights/experiments/mgr_sid_v1_upstream/generated_indices/Industrial_and_Scientific.mgr_upstream_baseline.index.json,./data_experiment/Amazon/mgr_upstream_baseline/index/Industrial_and_Scientific.index.json,./data_experiment/Amazon/mgr_upstream_baseline,./research-progress-log/experiment_launches/2026-04-09_mgr_sid_v1_upstream/README.md,First upstream-aligned MGR-SID baseline tokenizer; downstream SFT already completed.
tok_industrial_mgr_upstream_hierarchy,2026-04-09,-,industrial,Industrial_and_Scientific,Industrial_and_Scientific_5_2016-10-2018-11,mgr_upstream_hierarchy,mgr_v1_upstream,v1_upstream,generated,sft_evaluated,0.0032555616,12,1,0,/data/leejt/OneRec/output_weights/experiments/mgr_sid_v1_upstream/industrial_hierarchy_reg/Apr-09-2026_23-09-22/best_collision_model.pth,/data/leejt/OneRec/output_weights/experiments/mgr_sid_v1_upstream/industrial_hierarchy_reg/Apr-09-2026_23-09-22/summary.json,/data/leejt/OneRec/output_weights/experiments/mgr_sid_v1_upstream/generated_indices/Industrial_and_Scientific.mgr_upstream_hierarchy.index.json,./data_experiment/Amazon/mgr_upstream_hierarchy/index/Industrial_and_Scientific.index.json,./data_experiment/Amazon/mgr_upstream_hierarchy,./research-progress-log/experiment_launches/2026-04-09_mgr_sid_v1_upstream/README.md,First hierarchy-regularized upstream tokenizer; downstream SFT already completed.
tok_industrial_mgr_upstream_uniform,2026-04-09,-,industrial,Industrial_and_Scientific,Industrial_and_Scientific_5_2016-10-2018-11,mgr_upstream_uniform,mgr_v1_upstream,v1_upstream,generated,generated_only,0.0059685296,22,0,0,/data/leejt/OneRec/output_weights/experiments/mgr_sid_v1_upstream/industrial_uniform_reg/Apr-09-2026_23-09-22/best_collision_model.pth,/data/leejt/OneRec/output_weights/experiments/mgr_sid_v1_upstream/industrial_uniform_reg/Apr-09-2026_23-09-22/summary.json,/data/leejt/OneRec/output_weights/experiments/mgr_sid_v1_upstream/generated_indices/Industrial_and_Scientific.mgr_upstream_uniform.index.json,/data/leejt/OneRec/output_weights/experiments/mgr_sid_v1_upstream/generated_indices/Industrial_and_Scientific.mgr_upstream_uniform.index.json,-,./research-progress-log/experiment_launches/2026-04-09_mgr_sid_v1_upstream/README.md,"Uniform graph-regularized upstream tokenizer; generated SID kept, but not pushed downstream."
tok_industrial_mgr_tokenizer_v2_offline,2026-04-11,-,industrial,Industrial_and_Scientific,Industrial_and_Scientific_5_2016-10-2018-11,mgr_tokenizer_v2_offline,mgr_v2,v2,generated,rl_evaluated,0.0035268584,13,4,1,/data/leejt/OneRec/output_weights/experiments/mgr_sid_tokenizer_v2/industrial_offline_combined/Apr-11-2026_01-36-05/best_collision_model.pth,/data/leejt/OneRec/output_weights/experiments/mgr_sid_tokenizer_v2/industrial_offline_combined/Apr-11-2026_01-36-05/summary.json,/data/leejt/OneRec/output_weights/experiments/mgr_sid_tokenizer_v2/generated_indices/Industrial_and_Scientific.mgr_tokenizer_v2_offline.index.json,./data_experiment/Amazon/mgr_tokenizer_v2_offline/index/Industrial_and_Scientific.index.json,./data_experiment/Amazon/mgr_tokenizer_v2_offline,./research-progress-log/experiment_launches/2026-04-11_mgr_sid_tokenizer_v2_r005/README.md,Current strongest tokenizer line before stage-2/3 refinements; already pushed to SFT and RL.
tok_industrial_stage2_r202a_stopgrad,2026-04-13,-,industrial,Industrial_and_Scientific,Industrial_and_Scientific_5_2016-10-2018-11,stage2_r202a_stopgrad,stage2_retention,stage2,generated,sft_evaluated,0.0035268584,13,1,0,/data/leejt/OneRec/output_weights/experiments/mgr_sid_stage2_retention_20260413/industrial_r202a_stopgrad/Apr-13-2026_00-11-11/best_collision_model.pth,/data/leejt/OneRec/output_weights/experiments/mgr_sid_stage2_retention_20260413/industrial_r202a_stopgrad/Apr-13-2026_00-11-11/summary.json,/data/leejt/OneRec/output_weights/experiments/mgr_sid_stage2_retention_20260413/generated_indices/Industrial_and_Scientific.stage2_r202a_stopgrad.index.json,./data_experiment/Amazon/stage2_r202a_stopgrad/index/Industrial_and_Scientific.index.json,./data_experiment/Amazon/stage2_r202a_stopgrad,./research-progress-log/experiment_launches/2026-04-13_mgr_sid_stage2_stopgrad_industrial/README.md,Best stage-2 tokenizer-side branch; already pushed to SFT (`R208`).
tok_industrial_stage2_r202b_retry075,2026-04-13,-,industrial,Industrial_and_Scientific,Industrial_and_Scientific_5_2016-10-2018-11,stage2_r202b_retry075,stage2_retention,stage2,generated,generated_only,0.0032555616,12,0,0,/data/leejt/OneRec/output_weights/experiments/mgr_sid_stage2_retention_20260413/industrial_r202b_retry075/Apr-13-2026_01-48-27/best_collision_model.pth,/data/leejt/OneRec/output_weights/experiments/mgr_sid_stage2_retention_20260413/industrial_r202b_retry075/Apr-13-2026_01-48-27/summary.json,/data/leejt/OneRec/output_weights/experiments/mgr_sid_stage2_retention_20260413/generated_indices/Industrial_and_Scientific.stage2_r202b_retry075.index.json,/data/leejt/OneRec/output_weights/experiments/mgr_sid_stage2_retention_20260413/generated_indices/Industrial_and_Scientific.stage2_r202b_retry075.index.json,-,./research-progress-log/experiment_launches/2026-04-13_mgr_sid_stage2_stopgrad_industrial/README.md,Stage-2 retry branch with generated SID kept for reference; not pushed downstream.
tok_industrial_stage2_r205_stopgrad_kl,2026-04-13,-,industrial,Industrial_and_Scientific,Industrial_and_Scientific_5_2016-10-2018-11,stage2_r205_stopgrad_kl,stage2_retention,stage2,generated,generated_only,0.0032555616,12,0,0,/data/leejt/OneRec/output_weights/experiments/mgr_sid_stage2_retention_20260413/industrial_r205_stopgrad_kl/Apr-13-2026_02-15-01/best_collision_model.pth,/data/leejt/OneRec/output_weights/experiments/mgr_sid_stage2_retention_20260413/industrial_r205_stopgrad_kl/Apr-13-2026_02-15-01/summary.json,/data/leejt/OneRec/output_weights/experiments/mgr_sid_stage2_retention_20260413/generated_indices/Industrial_and_Scientific.stage2_r205_stopgrad_kl.index.json,/data/leejt/OneRec/output_weights/experiments/mgr_sid_stage2_retention_20260413/generated_indices/Industrial_and_Scientific.stage2_r205_stopgrad_kl.index.json,-,./research-progress-log/experiment_launches/2026-04-13_mgr_sid_stage2_semantic_retention_industrial/README.md,Stage-2 semantic-retention branch with generated SID kept for reference; not pushed downstream.
tok_industrial_stage3_r401b_g005,2026-04-14,-,industrial,Industrial_and_Scientific,Industrial_and_Scientific_5_2016-10-2018-11,stage3_r401b_g005,stage3_prefix_retained,stage3,generated,sft_evaluated,0.0029842648,11,1,0,/data/leejt/OneRec/output_weights/experiments/mgr_sid_stage3_prefix_retained_20260414/industrial_r401b_g005/Apr-14-2026_00-47-31/best_collision_model.pth,/data/leejt/OneRec/output_weights/experiments/mgr_sid_stage3_prefix_retained_20260414/industrial_r401b_g005/Apr-14-2026_00-47-31/summary.json,/data/leejt/OneRec/output_weights/experiments/mgr_sid_stage3_prefix_retained_20260414/generated_indices/Industrial_and_Scientific.stage3_r401b_g005.index.json,./data_experiment/Amazon/stage3_r401b_g005/index/Industrial_and_Scientific.index.json,./data_experiment/Amazon/stage3_r401b_g005,./research-progress-log/experiment_launches/2026-04-14_mgr_sid_stage3_prefix_retained_industrial/README.md,Stage-3 first candidate codebook space; first full downstream SFT/evaluate completed and was negative relative to current v2_on_p05 and strongest original SFT baselines.
tok_industrial_stage3_r401d_g005_a005,2026-04-14,-,industrial,Industrial_and_Scientific,Industrial_and_Scientific_5_2016-10-2018-11,stage3_r401d_g005_a005,stage3_prefix_retained,stage3,generated,sft_evaluated,0.0029842648,11,1,0,/data/leejt/OneRec/output_weights/experiments/mgr_sid_stage3_prefix_retained_20260414/industrial_r401d_g005_a005/Apr-14-2026_17-03-32/best_collision_model.pth,/data/leejt/OneRec/output_weights/experiments/mgr_sid_stage3_prefix_retained_20260414/industrial_r401d_g005_a005/Apr-14-2026_17-03-32/summary.json,/data/leejt/OneRec/output_weights/experiments/mgr_sid_stage3_prefix_retained_20260414/generated_indices/Industrial_and_Scientific.stage3_r401d_g005_a005.index.json,./data_experiment/Amazon/stage3_r401d_g005_a005/index/Industrial_and_Scientific.index.json,./data_experiment/Amazon/stage3_r401d_g005_a005,./research-progress-log/experiment_launches/2026-04-14_mgr_sid_stage3_prefix_retained_industrial/README.md,"Second stage-3 candidate codebook space with codebook anchor; first full downstream SFT/evaluate completed and was negative relative to current v2_on_p05, strongest original SFT, and also below R401b."
tok_industrial_tagcf_r510_attr_mid,2026-04-15,2026-04-15,industrial,Industrial_and_Scientific,Industrial_and_Scientific_5_2016-10-2018-11,tagcf_r510_attr_mid,tagcf_semantic_to_topology,tagcf_branch,generated,sft_evaluated,0.0029842648,11,1,0,/data/leejt/OneRec/output_weights/experiments/mgr_sid_tagcf_branch_20260415/industrial_r510_attr_mid/Apr-15-2026_00-21-49/best_collision_model.pth,/data/leejt/OneRec/output_weights/experiments/mgr_sid_tagcf_branch_20260415/industrial_r510_attr_mid/Apr-15-2026_00-21-49/summary.json,/data/leejt/OneRec/output_weights/experiments/mgr_sid_tagcf_branch_20260415/generated_indices/Industrial_and_Scientific.tagcf_r510_attr_mid.index.json,./data_experiment/Amazon/tagcf_r510_attr_mid/index/Industrial_and_Scientific.index.json,./data_experiment/Amazon/tagcf_r510_attr_mid,./research-progress-log/experiment_launches/2026-04-15_mgr_sid_tagcf_r510_attr_mid/README.md,"TAGCF branch first tokenizer candidate with G_mid replaced by fused attribute-topology graph; first full downstream SFT/evaluate completed and was negative relative to current v2_on_p05, R202a, and R401b."
tok_industrial_fagsp_r520_mid_cascade,2026-04-15,2026-04-15,industrial,Industrial_and_Scientific,Industrial_and_Scientific_5_2016-10-2018-11,fagsp_r520_mid_cascade,fagsp_cascade_mid,fagsp_branch,generated,generated_only,0.0037981552,14,0,0,/data/leejt/OneRec/output_weights/experiments/mgr_sid_fagsp_cascade_20260415/industrial_r520_mid_cascade/Apr-15-2026_09-19-12/best_collision_model.pth,/data/leejt/OneRec/output_weights/experiments/mgr_sid_fagsp_cascade_20260415/industrial_r520_mid_cascade/Apr-15-2026_09-19-12/summary.json,/data/leejt/OneRec/output_weights/experiments/mgr_sid_fagsp_cascade_20260415/generated_indices/Industrial_and_Scientific.fagsp_r520_mid_cascade.index.json,/data/leejt/OneRec/output_weights/experiments/mgr_sid_fagsp_cascade_20260415/generated_indices/Industrial_and_Scientific.fagsp_r520_mid_cascade.index.json,-,./research-progress-log/experiment_launches/2026-04-15_mgr_sid_fagsp_r520_mid_cascade/README.md,"FaGSP cascade mid-view branch; full generate completed with 14/3686 collision, which is weaker than v2 and clearly weaker than R510."
tok_industrial_tagcf_r511_mix_mid,2026-04-15,2026-04-15,industrial,Industrial_and_Scientific,Industrial_and_Scientific_5_2016-10-2018-11,tagcf_r511_mix_mid,tagcf_semantic_to_topology,tagcf_branch,generated,generated_only,0.0048833424,18,0,0,/data/leejt/OneRec/output_weights/experiments/mgr_sid_tagcf_branch_20260415/industrial_r511_mix_mid/Apr-15-2026_09-33-42/best_collision_model.pth,/data/leejt/OneRec/output_weights/experiments/mgr_sid_tagcf_branch_20260415/industrial_r511_mix_mid/Apr-15-2026_09-33-42/summary.json,/data/leejt/OneRec/output_weights/experiments/mgr_sid_tagcf_branch_20260415/generated_indices/Industrial_and_Scientific.tagcf_r511_mix_mid.index.json,/data/leejt/OneRec/output_weights/experiments/mgr_sid_tagcf_branch_20260415/generated_indices/Industrial_and_Scientific.tagcf_r511_mix_mid.index.json,-,./research-progress-log/experiment_launches/2026-04-15_mgr_sid_tagcf_r511_mix_mid/README.md,"TAGCF mixed-mid branch; full generate completed with 18/3686 collision, clearly worse than pure replacement R510."
tok_industrial_r530a_local_multihop,2026-04-16,2026-04-16 00:12:22 CST,industrial,Industrial_and_Scientific,Industrial_and_Scientific_5_2016-10-2018-11,r530a_local_multihop,mgr_coarse_local,coarse_local,generated,generated_only,0.0290287575,107,0,0,/data/leejt/OneRec/output_weights/experiments/mgr_sid_coarse_local_20260415/industrial_r530a_local_multihop/Apr-15-2026_22-46-22/best_collision_model.pth,/data/leejt/OneRec/output_weights/experiments/mgr_sid_coarse_local_20260415/industrial_r530a_local_multihop/Apr-15-2026_22-46-22/summary.json,/data/leejt/OneRec/output_weights/experiments/mgr_sid_coarse_local_20260415/generated_indices/Industrial_and_Scientific.r530a_local_multihop.index.json,/data/leejt/OneRec/output_weights/experiments/mgr_sid_coarse_local_20260415/generated_indices/Industrial_and_Scientific.r530a_local_multihop.index.json,-,./research-progress-log/experiment_launches/2026-04-15_mgr_sid_r530_local_multihop_industrial/README.md,Shallow local multi-hop candidate; tokenizer/generate result is clearly negative relative to current v2 and stage-3 candidates.
tok_industrial_r542a_mgdcf_coarse_r020,2026-04-16,2026-04-16 01:26:23 CST,industrial,Industrial_and_Scientific,Industrial_and_Scientific_5_2016-10-2018-11,r542a_mgdcf_coarse_r020,mgr_mgdcf_coarse,coarse_reconstruction,generated,generated_only,0.0113944655,42,0,0,/data/leejt/OneRec/output_weights/experiments/mgr_sid_mgdcf_coarse_20260416/industrial_r542a_mgdcf_coarse_r020/Apr-16-2026_00-38-22/best_collision_model.pth,/data/leejt/OneRec/output_weights/experiments/mgr_sid_mgdcf_coarse_20260416/industrial_r542a_mgdcf_coarse_r020/Apr-16-2026_00-38-22/summary.json,/data/leejt/OneRec/output_weights/experiments/mgr_sid_mgdcf_coarse_20260416/generated_indices/Industrial_and_Scientific.r542a_mgdcf_coarse_r020.index.json,/data/leejt/OneRec/output_weights/experiments/mgr_sid_mgdcf_coarse_20260416/generated_indices/Industrial_and_Scientific.r542a_mgdcf_coarse_r020.index.json,-,./research-progress-log/experiment_launches/2026-04-16_mgr_sid_r542_mgdcf_coarse_industrial/README.md,First MGDCF-style coarse reconstruction tokenizer candidate; clearly better than R530a but still weaker than current v2 and stage-3 tokenizer lines.
tok_industrial_r610a_selective_sep_l3_graph_weak,2026-04-16,2026-04-16 03:59:08 CST,industrial,Industrial_and_Scientific,Industrial_and_Scientific_5_2016-10-2018-11,r610a_selective_sep_l3_graph_weak,mgr_selective_separation,selective_separation,generated,generated_only,0.0032555616,12,0,0,/data/leejt/OneRec/output_weights/experiments/mgr_sid_selective_separation_20260416/industrial_r610a_l3_graph_weak/Apr-16-2026_03-10-24/best_collision_model.pth,/data/leejt/OneRec/output_weights/experiments/mgr_sid_selective_separation_20260416/industrial_r610a_l3_graph_weak/Apr-16-2026_03-10-24/summary.json,/data/leejt/OneRec/output_weights/experiments/mgr_sid_selective_separation_20260416/generated_indices/Industrial_and_Scientific.r610a_l3_graph_weak.index.json,/data/leejt/OneRec/output_weights/experiments/mgr_sid_selective_separation_20260416/generated_indices/Industrial_and_Scientific.r610a_l3_graph_weak.index.json,-,./research-progress-log/experiment_launches/2026-04-16_mgr_sid_r610_selective_separation_industrial/README.md,"First selective-separation tokenizer run: base v2 + L3-only reliability-aware separation on semantic-near + graph-weak pairs; generated collision improves over current v2 (12 vs 13) and strongly beats graph-carrier variants, but train-stage collision remains very high (0.14894), so downstream transfer is still unproven and generate-stage repair may be doing substantial work."
tok_industrial_r630a_mid_pull_only,2026-04-16,2026-04-16 16:30:28 CST,industrial,Industrial_and_Scientific,Industrial_and_Scientific_5_2016-10-2018-11,r630a_mid_pull_only,mgr_mid_pull_push,selective_separation,generated,generated_only,0.0043407488,16,0,0,/data/leejt/OneRec/output_weights/experiments/mgr_sid_mid_pull_push_20260416/industrial_r630a_mid_pull_only/Apr-16-2026_13-55-09/best_collision_model.pth,/data/leejt/OneRec/output_weights/experiments/mgr_sid_mid_pull_push_20260416/industrial_r630a_mid_pull_only/Apr-16-2026_13-55-09/summary.json,/data/leejt/OneRec/output_weights/experiments/mgr_sid_mid_pull_push_20260416/generated_indices/Industrial_and_Scientific.r630a_mid_pull_only.index.json,/data/leejt/OneRec/output_weights/experiments/mgr_sid_mid_pull_push_20260416/generated_indices/Industrial_and_Scientific.r630a_mid_pull_only.index.json,-,./research-progress-log/experiment_launches/2026-04-16_mgr_sid_r630_mid_pull_push_industrial/README.md,"Mid-only pull-only tokenizer variant; generated collision falls back to 16/3686, matching the original semantic baseline and clearly worse than current v2, so this branch is a negative result."
tok_industrial_r630b_mid_push_only,2026-04-16,2026-04-16 16:30:28 CST,industrial,Industrial_and_Scientific,Industrial_and_Scientific_5_2016-10-2018-11,r630b_mid_push_only,mgr_mid_pull_push,selective_separation,generated,generated_only,0.004069452,15,0,0,/data/leejt/OneRec/output_weights/experiments/mgr_sid_mid_pull_push_20260416/industrial_r630b_mid_push_only/Apr-16-2026_13-55-09/best_collision_model.pth,/data/leejt/OneRec/output_weights/experiments/mgr_sid_mid_pull_push_20260416/industrial_r630b_mid_push_only/Apr-16-2026_13-55-09/summary.json,/data/leejt/OneRec/output_weights/experiments/mgr_sid_mid_pull_push_20260416/generated_indices/Industrial_and_Scientific.r630b_mid_push_only.index.json,/data/leejt/OneRec/output_weights/experiments/mgr_sid_mid_pull_push_20260416/generated_indices/Industrial_and_Scientific.r630b_mid_push_only.index.json,-,./research-progress-log/experiment_launches/2026-04-16_mgr_sid_r630_mid_pull_push_industrial/README.md,"Mid-only push-only tokenizer variant; generated collision improves slightly over the original semantic baseline but remains worse than current v2 and R610a, so push alone is not a viable mainline answer."
tok_industrial_r630c_mid_pull_push,2026-04-16,2026-04-16 16:30:27 CST,industrial,Industrial_and_Scientific,Industrial_and_Scientific_5_2016-10-2018-11,r630c_mid_pull_push,mgr_mid_pull_push,selective_separation,generated,generated_only,0.0029842648,11,1,0,/data/leejt/OneRec/output_weights/experiments/mgr_sid_mid_pull_push_20260416/industrial_r630c_mid_pull_push/Apr-16-2026_13-55-09/best_collision_model.pth,/data/leejt/OneRec/output_weights/experiments/mgr_sid_mid_pull_push_20260416/industrial_r630c_mid_pull_push/Apr-16-2026_13-55-09/summary.json,/data/leejt/OneRec/output_weights/experiments/mgr_sid_mid_pull_push_20260416/generated_indices/Industrial_and_Scientific.r630c_mid_pull_push.index.json,/data/leejt/OneRec/output_weights/experiments/mgr_sid_mid_pull_push_20260416/generated_indices/Industrial_and_Scientific.r630c_mid_pull_push.index.json,-,./research-progress-log/experiment_launches/2026-04-16_mgr_sid_r630_mid_pull_push_industrial/README.md,"Mid-only pull-plus-push tokenizer variant; best within the R630 trio on tokenizer-side collision, but downstream SFT/evaluate later finished negative (NDCG@10=0.09261, HR@10=0.12972), so this branch is no longer a promotable mainline candidate."
tok_industrial_r640b_seq2graph_rel,2026-04-17,2026-04-17 00:24:36 CST,industrial,Industrial_and_Scientific,Industrial_and_Scientific_5_2016-10-2018-11,r640b_seq2graph_rel,mgr_seq2graph_lite,graph_carrier,generated,generated_only,0.4120998372,1519,0,0,/data/leejt/OneRec/output_weights/experiments/mgr_sid_seq2graph_lite_20260416/industrial_r640b_seq2graph_rel/Apr-16-2026_23-18-08/best_collision_model.pth,/data/leejt/OneRec/output_weights/experiments/mgr_sid_seq2graph_lite_20260416/industrial_r640b_seq2graph_rel/Apr-16-2026_23-18-08/summary.json,/data/leejt/OneRec/output_weights/experiments/mgr_sid_seq2graph_lite_20260416/generated_indices/Industrial_and_Scientific.r640b_seq2graph_rel.index.json,/data/leejt/OneRec/output_weights/experiments/mgr_sid_seq2graph_lite_20260416/generated_indices/Industrial_and_Scientific.r640b_seq2graph_rel.index.json,-,./research-progress-log/experiment_launches/2026-04-16_mgr_sid_r640_seq2graph_lite_industrial/README.md,"Seq2Graph-lite reliability-only tokenizer variant; catastrophic failure from the first visible eval onward (first collision=0.9997, best train collision=0.9284, generated collision=1519/3686, max_conflict=310). Diagnosis shows 17,960 direct-strong family edges were kept without the mask, over-smoothing dense same-brand neighborhoods."
tok_industrial_r640c_seq2graph_rel_masked,2026-04-17,2026-04-17 00:24:22 CST,industrial,Industrial_and_Scientific,Industrial_and_Scientific_5_2016-10-2018-11,r640c_seq2graph_rel_masked,mgr_seq2graph_lite,graph_carrier,generated,generated_only,0.0032555616,12,1,0,/data/leejt/OneRec/output_weights/experiments/mgr_sid_seq2graph_lite_20260416/industrial_r640c_seq2graph_rel_masked/Apr-16-2026_23-18-08/best_collision_model.pth,/data/leejt/OneRec/output_weights/experiments/mgr_sid_seq2graph_lite_20260416/industrial_r640c_seq2graph_rel_masked/Apr-16-2026_23-18-08/summary.json,/data/leejt/OneRec/output_weights/experiments/mgr_sid_seq2graph_lite_20260416/generated_indices/Industrial_and_Scientific.r640c_seq2graph_rel_masked.index.json,/data/leejt/OneRec/output_weights/experiments/mgr_sid_seq2graph_lite_20260416/generated_indices/Industrial_and_Scientific.r640c_seq2graph_rel_masked.index.json,-,./research-progress-log/experiment_launches/2026-04-16_mgr_sid_r640_seq2graph_lite_industrial/README.md,Seq2Graph-lite reliability-plus-direct-weak-mask tokenizer variant; non-catastrophic candidate with best train collision=0.1243 and generated collision=12/3686 (max_conflict=3). R645 downstream SFT/evaluate later finished negative so carrier-only smoothness is not promotable.
tok_industrial_r650a_seq2graph_mid_pull_push,2026-04-17,2026-04-17 11:34:13 CST,industrial,Industrial_and_Scientific,Industrial_and_Scientific_5_2016-10-2018-11,r650a_seq2graph_mid_pull_push,mgr_seq2graph_push_pull,high_order_push_pull,generated,sft_evaluated,0.0029842648,11,1,0,/data/leejt/OneRec/output_weights/experiments/mgr_sid_seq2graph_push_pull_20260417/industrial_r650a_seq2graph_mid_pull_push/Apr-17-2026_10-24-50/best_collision_model.pth,/data/leejt/OneRec/output_weights/experiments/mgr_sid_seq2graph_push_pull_20260417/industrial_r650a_seq2graph_mid_pull_push/Apr-17-2026_10-24-50/summary.json,/data/leejt/OneRec/output_weights/experiments/mgr_sid_seq2graph_push_pull_20260417/generated_indices/Industrial_and_Scientific.r650a_seq2graph_mid_pull_push.index.json,/data/leejt/OneRec/output_weights/experiments/mgr_sid_seq2graph_push_pull_20260417/generated_indices/Industrial_and_Scientific.r650a_seq2graph_mid_pull_push.index.json,-,./research-progress-log/experiment_launches/2026-04-17_mgr_sid_r650_seq2graph_push_pull_industrial/README.md,"Seq2Graph-lite（轻量 Seq2Graph） high-order carrier（高阶载体） placed inside mid-only pull-push（仅中层拉近推远）; generated collision（生成冲突） is 11/3686 with max_conflict=2 and train best collision（训练最佳冲突）=0.1142. Downstream SFT/evaluate（监督微调/评测） is negative versus current v2_on_p05 and strongest original SFT, so this tokenizer（分词器） should not be promoted to RL（强化学习）."
tok_industrial_r660a_seq2graph_push_pull_full_constraints,2026-04-17,2026-04-17 22:56:38 CST,industrial,Industrial_and_Scientific,Industrial_and_Scientific_5_2016-10-2018-11,r660a_seq2graph_push_pull_full_constraints,mgr_seq2graph_push_pull,high_order_push_pull,generated,generated_only,0.0032555616,12,0,0,/data/leejt/OneRec/output_weights/experiments/mgr_sid_r660_constraint_restoration_20260417/industrial_r660a_seq2graph_push_pull_full_constraints/Apr-17-2026_22-08-00/best_collision_model.pth,/data/leejt/OneRec/output_weights/experiments/mgr_sid_r660_constraint_restoration_20260417/industrial_r660a_seq2graph_push_pull_full_constraints/Apr-17-2026_22-08-00/summary.json,/data/leejt/OneRec/output_weights/experiments/mgr_sid_r660_constraint_restoration_20260417/generated_indices/Industrial_and_Scientific.r660a_seq2graph_push_pull_full_constraints.index.json,/data/leejt/OneRec/output_weights/experiments/mgr_sid_r660_constraint_restoration_20260417/generated_indices/Industrial_and_Scientific.r660a_seq2graph_push_pull_full_constraints.index.json,-,./research-progress-log/experiment_launches/2026-04-17_mgr_sid_r660_constraint_restoration_industrial/README.md,"Constraint restoration（约束恢复） variant: R650a high-order carrier + mid-only push-pull（高阶载体 + 仅中层推远拉近） with v2-style L1/L3/semantic constraints（第一层/第三层/语义约束） restored. Tokenizer/generate（分词器训练与生成） finished non-catastrophic with generated collision（生成冲突） 12/3686, max_conflict=2, and train best collision（训练最佳冲突）=0.1324; downstream SFT/evaluate（监督微调/评测） is still required before any conclusion."
tok_industrial_r670a_clean_l1_semantic_l2_push_pull,2026-04-18,2026-04-18 02:06:07 CST,industrial,Industrial_and_Scientific,Industrial_and_Scientific_5_2016-10-2018-11,r670a_clean_l1_semantic_l2_push_pull,mgr_clean_hierarchy_push_pull,clean_hierarchy,generated,generated_only,0.0439500814,162,0,0,/data/leejt/OneRec/output_weights/experiments/mgr_sid_r670_clean_l1_semantic_l2_push_pull_20260418/industrial_r670a_clean_l1_semantic_l2_push_pull/Apr-18-2026_01-16-51/best_collision_model.pth,/data/leejt/OneRec/output_weights/experiments/mgr_sid_r670_clean_l1_semantic_l2_push_pull_20260418/industrial_r670a_clean_l1_semantic_l2_push_pull/Apr-18-2026_01-16-51/summary.json,/data/leejt/OneRec/output_weights/experiments/mgr_sid_r670_clean_l1_semantic_l2_push_pull_20260418/generated_indices/Industrial_and_Scientific.r670a_clean_l1_semantic_l2_push_pull.index.json,/data/leejt/OneRec/output_weights/experiments/mgr_sid_r670_clean_l1_semantic_l2_push_pull_20260418/generated_indices/Industrial_and_Scientific.r670a_clean_l1_semantic_l2_push_pull.index.json,-,./research-progress-log/experiment_launches/2026-04-18_mgr_sid_r670_clean_l1_semantic_l2_push_pull_industrial/README.md,"Clean hierarchy（干净层级分工） branch with L1 high-confidence semantic pull（第一层高置信语义拉近）, L2 base pull-push（第二层基础拉近推远）, and stop-gradient prefix（前缀停梯度）. Tokenizer/generate（分词器训练与生成） collapsed: generated collision（生成冲突）=162/3686, max_conflict（最大冲突簇）=35, active L1（活跃第一层码）=19, unique L2 pairs（唯一第二层前缀数）=375; do not promote（不要推进） to SFT（监督微调）."
tok_industrial_r680a_l1_smooth_l2_contrastive_multihop,2026-04-18,2026-04-18 03:14:02 CST,industrial,Industrial_and_Scientific,Industrial_and_Scientific_5_2016-10-2018-11,r680a_l1_smooth_l2_contrastive_multihop,mgr_clean_l2_interface,clean_l2_interface,generated,sft_evaluated,0.0029842648,11,1,0,/data/leejt/OneRec/output_weights/experiments/mgr_sid_r680_l1_smooth_l2_contrastive_multihop_20260418/industrial_r680a_l1_smooth_l2_contrastive_multihop/Apr-18-2026_02-23-43/best_collision_model.pth,/data/leejt/OneRec/output_weights/experiments/mgr_sid_r680_l1_smooth_l2_contrastive_multihop_20260418/industrial_r680a_l1_smooth_l2_contrastive_multihop/Apr-18-2026_02-23-43/summary.json,/data/leejt/OneRec/output_weights/experiments/mgr_sid_r680_l1_smooth_l2_contrastive_multihop_20260418/generated_indices/Industrial_and_Scientific.r680a_l1_smooth_l2_contrastive_multihop.index.json,/data/leejt/OneRec/output_weights/experiments/mgr_sid_r680_l1_smooth_l2_contrastive_multihop_20260418/generated_indices/Industrial_and_Scientific.r680a_l1_smooth_l2_contrastive_multihop.index.json,-,./research-progress-log/experiment_launches/2026-04-18_mgr_sid_r680_l1_smooth_l2_contrastive_multihop_industrial/README.md,"Clean L2 interface（干净第二层接口） branch with L1 coarse smooth（第一层粗图平滑）, L2 local-multihop pull plus semantic-near weak push（第二层局部多跳拉近加语义近弱连接推远）, L3 local smooth（第三层局部平滑）, and stop-gradient prefix（前缀停梯度）. Tokenizer/generate（分词器训练与生成） finished non-catastrophic and downstream SFT/evaluate（监督微调/评测） is stronger than R640c/R650a but still negative versus current v2_on_p05（当前 v2_on_p05）; not promotable（不可推进） to RL（强化学习）."
tok_industrial_r690a_l2_graph_infonce,2026-04-18,2026-04-18 04:08:47 CST,industrial,Industrial_and_Scientific,Industrial_and_Scientific_5_2016-10-2018-11,r690a_l2_graph_infonce,mgr_cost_inspired,cost_inspired_contrastive_quantization,generated,generated_only,0.0029842648,11,0,0,/data/leejt/OneRec/output_weights/experiments/mgr_sid_r690_cost_inspired_20260418/industrial_r690a_l2_graph_infonce/Apr-18-2026_03-16-17/best_collision_model.pth,/data/leejt/OneRec/output_weights/experiments/mgr_sid_r690_cost_inspired_20260418/industrial_r690a_l2_graph_infonce/Apr-18-2026_03-16-17/summary.json,/data/leejt/OneRec/output_weights/experiments/mgr_sid_r690_cost_inspired_20260418/generated_indices/Industrial_and_Scientific.r690a_l2_graph_infonce.index.json,/data/leejt/OneRec/output_weights/experiments/mgr_sid_r690_cost_inspired_20260418/generated_indices/Industrial_and_Scientific.r690a_l2_graph_infonce.index.json,-,./research-progress-log/experiment_launches/2026-04-18_mgr_sid_r690_cost_inspired_contrastive_quantization_industrial/README.md,"CoST-inspired（受 CoST 启发） pure L2 graph-guided InfoNCE（纯第二层图引导对比损失） branch. Uses fagsp_mid_base（基础中层图） as mid graph（中图）, not local_multihop（局部多跳图）. Tokenizer/generate（分词器训练与生成） is non-catastrophic: best train collision（训练最佳冲突）=0.0887, generated collision（生成冲突）=11/3686, active L1（活跃第一层码）=118, unique L2 pairs（唯一第二层前缀数）=2527; worth downstream SFT/evaluate（监督微调/评测） screening."
tok_industrial_r690b_hier_cost_guided,2026-04-18,2026-04-18 04:08:49 CST,industrial,Industrial_and_Scientific,Industrial_and_Scientific_5_2016-10-2018-11,r690b_hier_cost_guided,mgr_cost_inspired,cost_inspired_contrastive_quantization,generated,sft_evaluated,0.0037981552,14,1,0,/data/leejt/OneRec/output_weights/experiments/mgr_sid_r690_cost_inspired_20260418/industrial_r690b_hier_cost_guided/Apr-18-2026_03-16-17/best_collision_model.pth,/data/leejt/OneRec/output_weights/experiments/mgr_sid_r690_cost_inspired_20260418/industrial_r690b_hier_cost_guided/Apr-18-2026_03-16-17/summary.json,/data/leejt/OneRec/output_weights/experiments/mgr_sid_r690_cost_inspired_20260418/generated_indices/Industrial_and_Scientific.r690b_hier_cost_guided.index.json,/data/leejt/OneRec/output_weights/experiments/mgr_sid_r690_cost_inspired_20260418/generated_indices/Industrial_and_Scientific.r690b_hier_cost_guided.index.json,-,./research-progress-log/experiment_launches/2026-04-18_mgr_sid_r690_cost_inspired_contrastive_quantization_industrial/README.md,"CoST-inspired（受 CoST 启发） hierarchical protected branch with L1/L3 pairwise pull（第一层/第三层成对拉近） and stop-gradient prefix（前缀停梯度）. Uses fagsp_mid_base（基础中层图） as mid graph（中图）, not local_multihop（局部多跳图）. Tokenizer/generate（分词器训练与生成） was non-catastrophic but showed prefix compression（前缀压缩）: generated collision（生成冲突）=14/3686, active L1（活跃第一层码）=33, unique L2 pairs（唯一第二层前缀数）=1989. Downstream SFT/evaluate（监督微调/评测） finished negative: NDCG@10=0.0972 and HR@10=0.1361, below current v2_on_p05（当前 v2_on_p05） and the strict recipe-aligned original baseline（严格配方对齐原版基线）. Evaluate（评测） reported root_branch_count（根分支数）=33 with constraint_invalid_total（约束失配总数）=0, so the issue looks more like code space compression（码本空间压缩） than invalid decoding（非法解码）."
tok_industrial_r693a_hier_collab_only_multihop,2026-04-18,2026-04-18 15:05:22 CST,industrial,Industrial_and_Scientific,Industrial_and_Scientific_5_2016-10-2018-11,r693a_hier_collab_only_multihop,mgr_hier_collab_only,hier_collab_only_multihop,generated,sft_evaluated,0.0032555616,12,1,0,/data/leejt/OneRec/output_weights/experiments/mgr_sid_r693_hier_collab_only_20260418/industrial_r693a_hier_collab_only_multihop/Apr-18-2026_14-13-42/best_collision_model.pth,/data/leejt/OneRec/output_weights/experiments/mgr_sid_r693_hier_collab_only_20260418/industrial_r693a_hier_collab_only_multihop/Apr-18-2026_14-13-42/summary.json,/data/leejt/OneRec/output_weights/experiments/mgr_sid_r693_hier_collab_only_20260418/generated_indices/Industrial_and_Scientific.r693a_hier_collab_only_multihop.index.json,/data/leejt/OneRec/output_weights/experiments/mgr_sid_r693_hier_collab_only_20260418/generated_indices/Industrial_and_Scientific.r693a_hier_collab_only_multihop.index.json,-,./research-progress-log/experiment_launches/2026-04-18_mgr_sid_r693_hier_collab_only_multihop_industrial/README.md,"Hierarchical collaboration-only（层级纯协同） branch: RQ-VAE（残差量化变分自编码器） preserves semantics（保留语义）, while L1 uses high-confidence coarse_purified collaborative pull（第一层高置信粗协同拉近）, L2 uses local_multihop graph-guided InfoNCE（第二层局部多跳图引导对比学习损失）, and L3 uses local_purified pull（第三层局部图拉近） with stop-gradient prefix（前缀停梯度）. Valid rerun after InfoNCE empty-row numerical fix（空行数值修复后有效重跑）: best train collision（训练最佳冲突）=0.1009, generated collision（生成冲突）=12/3686, max_conflict（最大冲突簇）=2, active L1（活跃第一层码）=90, unique L2 pairs（唯一第二层前缀数）=2274; downstream SFT/evaluate（监督微调/评测） is required for verdict（裁决） Downstream SFT/evaluate（监督微调/评测） finished negative versus current v2_on_p05 and R680a; not promotable to RL（强化学习）."
tok_industrial_r700a_semantic_collab_intersection,2026-04-18,2026-04-18 20:40:50 CST,industrial,Industrial_and_Scientific,Industrial_and_Scientific_5_2016-10-2018-11,r700a_semantic_collab_intersection,mgr_semantic_collab_intersection,semantic_collab_intersection,generated,generated_only,0.0037981552,14,0,0,/data/leejt/OneRec/output_weights/experiments/mgr_sid_r700_semantic_collab_intersection_20260418/industrial_r700a_semantic_collab_intersection/Apr-18-2026_19-50-21/best_collision_model.pth,/data/leejt/OneRec/output_weights/experiments/mgr_sid_r700_semantic_collab_intersection_20260418/industrial_r700a_semantic_collab_intersection/Apr-18-2026_19-50-21/summary.json,/data/leejt/OneRec/output_weights/experiments/mgr_sid_r700_semantic_collab_intersection_20260418/generated_indices/Industrial_and_Scientific.r700a_semantic_collab_intersection.index.json,/data/leejt/OneRec/output_weights/experiments/mgr_sid_r700_semantic_collab_intersection_20260418/generated_indices/Industrial_and_Scientific.r700a_semantic_collab_intersection.index.json,-,./research-progress-log/experiment_launches/2026-04-18_mgr_sid_r700_semantic_collab_intersection_industrial/README.md,"Semantic-collaborative intersection（语义-协同交集） branch: L1 uses high-confidence semantic-collab positives（第一层高置信语义-协同正边）, L2 uses semantic-conditioned local-multihop InfoNCE（第二层语义条件局部多跳对比学习损失）, and L3 uses weak local pull（第三层弱局部拉近） with stop-gradient prefix（前缀停梯度）. Tokenizer/generate（分词器训练与生成） finished non-catastrophic: best train collision（训练最佳冲突）=0.0849, generated collision（生成冲突）=14/3686, max_conflict（最大冲突簇）=2, active L1（活跃第一层码）=125, unique L2 pairs（唯一第二层前缀数）=2631. Structural proxy（结构代理指标） is weak versus original MiniOneRec baseline（原版基线） and R693a: target_l1_in_history（目标第一层出现在历史中）=0.3018, below original 0.4019 and R693a 0.3446; focus families（重点物品族） such as 3d_filament/tape/fastener are more fragmented（更碎片化）. Do not promote to SFT（监督微调） by default."
tok_industrial_r710a_v2_no_semantic_retention,2026-04-18,2026-04-18 23:10:58 CST,industrial,Industrial_and_Scientific,Industrial_and_Scientific_5_2016-10-2018-11,r710a_v2_no_semantic_retention,mgr_v2_ablation,v2_semantic_retention_ablation,generated,generated_only,0.0029842648,11,0,0,/data/leejt/OneRec/output_weights/experiments/mgr_sid_r710_v2_no_semantic_retention_20260418/industrial_r710a_v2_no_semantic_retention/Apr-18-2026_22-23-12/best_collision_model.pth,/data/leejt/OneRec/output_weights/experiments/mgr_sid_r710_v2_no_semantic_retention_20260418/industrial_r710a_v2_no_semantic_retention/Apr-18-2026_22-23-12/summary.json,/data/leejt/OneRec/output_weights/experiments/mgr_sid_r710_v2_no_semantic_retention_20260418/generated_indices/Industrial_and_Scientific.r710a_v2_no_semantic_retention.index.json,/data/leejt/OneRec/output_weights/experiments/mgr_sid_r710_v2_no_semantic_retention_20260418/generated_indices/Industrial_and_Scientific.r710a_v2_no_semantic_retention.index.json,-,./research-progress-log/experiment_launches/2026-04-18_mgr_sid_r710_v2_no_semantic_retention_industrial/README.md,Strict v2 semantic-retention ablation（严格 v2 语义保持消融） keeping ambiguity-aware graph weighting（歧义感知图加权） and the original v2 graph roles（图角色） while setting semantic_coarse_weight=0 and semantic_mid_weight=0. Tokenizer/generate（分词器训练与生成） finished non-catastrophic: best train collision（训练最佳冲突）=0.1454; generated collision（生成冲突）=11/3686; max_conflict（最大冲突簇）=2; active L1（活跃第一层码）=123 versus v2 203; unique L2 pairs（唯一第二层前缀数）=2234 versus v2 2680. Result suggests semantic retention（语义保持） is not required to avoid generated SID collision（生成 SID 冲突） but may help prevent prefix compression（前缀压缩）; downstream SFT/evaluate（监督微调/评测） is needed for verdict（裁决）.
tok_industrial_collab_ranking_mainline,2026-04-19,2026-04-19 00:48:40 CST,industrial,Industrial_and_Scientific,Industrial_and_Scientific_5_2016-10-2018-11,collab_ranking_mainline,mgr_collab_ranking,collab_ranking_mainline,generated,sft_evaluated,0.0037981552,14,1,0,/data/leejt/OneRec/output_weights/experiments/mgr_sid_r720_l2_ranking_contrastive_20260418/industrial_r720a_l2_ranking_contrastive/Apr-18-2026_23-58-41/best_collision_model.pth,/data/leejt/OneRec/output_weights/experiments/mgr_sid_r720_l2_ranking_contrastive_20260418/industrial_r720a_l2_ranking_contrastive/Apr-18-2026_23-58-41/summary.json,/data/leejt/OneRec/output_weights/experiments/mgr_sid_r720_l2_ranking_contrastive_20260418/generated_indices/Industrial_and_Scientific.r720a_l2_ranking_contrastive.index.json,/data/leejt/OneRec/output_weights/experiments/mgr_sid_r720_l2_ranking_contrastive_20260418/generated_indices/Industrial_and_Scientific.r720a_l2_ranking_contrastive.index.json,-,./research-progress-log/experiment_launches/2026-04-18_mgr_sid_r720_l2_ranking_contrastive_industrial/README.md,"First collab-ranking（协同排序） mainline tokenizer（分词器） using fagsp_mid_base（基础中层图） as the L2 carrier（第二层载体）. Tokenizer/generate（分词器训练与生成） was non-catastrophic but showed strong L2 compression（第二层压缩）: generated collision（生成冲突）=14/3686, active L1（活跃第一层码）=88, unique L2 pairs（唯一第二层前缀数）=1558. Downstream SFT/evaluate（监督微调/评测） finished clearly negative: NDCG@10=0.09235 and HR@10=0.13016, well below current v2_on_p05（当前 v2_on_p05） and the strict recipe-aligned original baseline（严格配方对齐原版基线）. Evaluate（评测） reported root_branch_count（根分支数）=88 with constraint_invalid_total（约束失配总数）=0, so the weakness is not invalid decoding（非法解码） but a structurally too-tight middle space（中层空间过紧）. This variant is now superseded by R720b local_multihop（R720b 局部多跳） inside the same method family（同一方法族）."
tok_industrial_collab_ranking_local_multihop_mid,2026-04-19,2026-04-19 02:58:29 CST,industrial,Industrial_and_Scientific,Industrial_and_Scientific_5_2016-10-2018-11,collab_ranking_local_multihop_mid,mgr_collab_ranking,collab_ranking_local_multihop_mid,generated,sft_evaluated,0.0029842648,11,1,0,/data/leejt/OneRec/output_weights/experiments/mgr_sid_collab_ranking_local_multihop_mid_20260419/industrial_r720b_local_multihop_mid/Apr-19-2026_02-02-45/best_collision_model.pth,/data/leejt/OneRec/output_weights/experiments/mgr_sid_collab_ranking_local_multihop_mid_20260419/industrial_r720b_local_multihop_mid/Apr-19-2026_02-02-45/summary.json,/data/leejt/OneRec/output_weights/experiments/mgr_sid_collab_ranking_local_multihop_mid_20260419/generated_indices/Industrial_and_Scientific.r720b_local_multihop_mid.index.json,/data/leejt/OneRec/output_weights/experiments/mgr_sid_collab_ranking_local_multihop_mid_20260419/generated_indices/Industrial_and_Scientific.r720b_local_multihop_mid.index.json,-,./research-progress-log/experiment_launches/2026-04-19_mgr_sid_collab_ranking_local_multihop_mid_industrial/README.md,"Clean R720a->R720b mid-graph replacement（中层图替换）: same collab-ranking（协同排序） loss, same stop-gradient（停梯度）, same L1/L3 roles（第一层/第三层角色）, but L2 positive graph（第二层正样本图） changes from fagsp_mid_base（基础中层图） to local_multihop（局部多跳图） and ranking negatives（排序负样本） are rebuilt accordingly. Tokenizer/generate（分词器训练与生成） improved both structure and collision（结构与冲突） versus R720a: generated collision（生成冲突）=11/3686, active L1（活跃第一层码）=247, unique L2 pairs（唯一第二层前缀数）=2889. Downstream SFT/evaluate（监督微调/评测） also improved clearly over R720a, making this the current screening winner（筛选胜出版本） inside the collab-ranking family（协同排序方法族）. However it still does not beat v2_on_p05（当前 v2_on_p05） or the strongest original SFT（原版最强监督微调）, so it is not yet promotable to RL（强化学习）."
tok_industrial_collab_ranking_prism_coarse_local_multihop_mid,2026-04-19,2026-04-19 19:43:24 CST,industrial,Industrial_and_Scientific,Industrial_and_Scientific_5_2016-10-2018-11,collab_ranking_prism_coarse_local_multihop_mid,mgr_collab_ranking,collab_ranking_prism_coarse_local_multihop_mid,generated,generated_only,0.4761258817,1755,0,0,/data/leejt/OneRec/output_weights/experiments/mgr_sid_collab_ranking_prism_coarse_local_multihop_mid_20260419/industrial_r720d_prism_coarse_local_multihop_mid/Apr-19-2026_18-49-34/best_collision_model.pth,/data/leejt/OneRec/output_weights/experiments/mgr_sid_collab_ranking_prism_coarse_local_multihop_mid_20260419/industrial_r720d_prism_coarse_local_multihop_mid/Apr-19-2026_18-49-34/summary.json,/data/leejt/OneRec/output_weights/experiments/mgr_sid_collab_ranking_prism_coarse_local_multihop_mid_20260419/generated_indices/Industrial_and_Scientific.r720d_prism_coarse_local_multihop_mid.index.json,/data/leejt/OneRec/output_weights/experiments/mgr_sid_collab_ranking_prism_coarse_local_multihop_mid_20260419/generated_indices/Industrial_and_Scientific.r720d_prism_coarse_local_multihop_mid.index.json,-,-,"L1 carrier swap（第一层载体替换） test that keeps the successful R720b local_multihop（局部多跳） L2 setup but replaces coarse_purified（净化粗图） with prism_anchor_coarse（语义锚定粗图） for L1. This branch finished training normally but collapsed catastrophically at SID generation（SID 生成阶段灾难性塌缩）: generated collision（生成冲突）=1755/3686, best train collision（训练最佳冲突）=0.9748, final eval collision（最终评估冲突）=0.9767, active L1（活跃第一层码）=2, unique L2 pairs（唯一第二层前缀数）=20, max_conflict（最大冲突簇）=227. The collapse is dominated by one huge root code（超大根码） <a_146> that absorbs 3270 items, including many semantically unrelated products（语义无关物品）. Verdict（裁决）: current prism_anchor_coarse implementation is not a viable L1 carrier（不可行的第一层载体） for the collab-ranking family（协同排序方法族） and should not be pushed to SFT（监督微调）."
tok_industrial_collab_ranking_local_multihop_mid_l1_inverse_ambiguity_k1_128,2026-04-20 18:09:38 CST,2026-04-20 11:56:00 CST,industrial,Industrial_and_Scientific,Industrial_and_Scientific_5_2016-10-2018-11,collab_ranking_local_multihop_mid_l1_inverse_ambiguity_k1_128,mgr_collab_ranking,collab_ranking_local_multihop_mid_l1_inverse_ambiguity_k1_128,generated,sft_evaluated,0.0029842648,11,1,0,/data/leejt/OneRec/output_weights/experiments/mgr_sid_collab_ranking_local_multihop_mid_l1_inverse_ambiguity_k1_128_20260420/industrial_r720f_local_multihop_mid_l1_inverse_ambiguity_k1_128/Apr-20-2026_11-17-10/best_collision_model.pth,/data/leejt/OneRec/output_weights/experiments/mgr_sid_collab_ranking_local_multihop_mid_l1_inverse_ambiguity_k1_128_20260420/industrial_r720f_local_multihop_mid_l1_inverse_ambiguity_k1_128/Apr-20-2026_11-17-10/summary.json,/data/leejt/OneRec/output_weights/experiments/mgr_sid_collab_ranking_local_multihop_mid_l1_inverse_ambiguity_k1_128_20260420/generated_indices/Industrial_and_Scientific.r720f_local_multihop_mid_l1_inverse_ambiguity_k1_128.index.json,/data/leejt/OneRec/output_weights/experiments/mgr_sid_collab_ranking_local_multihop_mid_l1_inverse_ambiguity_k1_128_20260420/generated_indices/Industrial_and_Scientific.r720f_local_multihop_mid_l1_inverse_ambiguity_k1_128.index.json,./data_experiment/Amazon/collab_ranking_local_multihop_mid_l1_inverse_ambiguity_k1_128,-,"R720f K1=128 capacity-constrained（容量约束） tokenizer（分词器） based on R720e: same local_multihop（局部多跳） L2 ranking loss（第二层排序损失） and inverse-ambiguity（逆歧义） L1 pull（第一层拉近）, but num_emb_list changes to [128,256,256]. Tokenizer-side（分词器侧） L1 became healthier by compactness（紧凑性） proxies: active L1（活跃第一层码）=124, unique L12（唯一一二层前缀）=2640, generated collision（生成碰撞）=11/3686, L1<=10 small buckets（小桶）=2, target_l1_in_history（目标第一层出现在历史中）=0.2753. However downstream SFT（下游监督微调） is strongly negative versus R720e, so hard K1 reduction（硬性缩小第一层码本） is not viable in this form."
tok_industrial_semantic_l1_collab_deeper_20260420,2026-04-20 20:18:50 CST,2026-04-20 20:07:07 CST,industrial,Industrial_and_Scientific,Industrial_and_Scientific_5_2016-10-2018-11,semantic_l1_collab_deeper,mgr_collab_ranking,semantic_l1_collab_deeper,generated,generated_only,0.0037981552,14,0,0,/data/leejt/OneRec/output_weights/experiments/mgr_sid_semantic_l1_collab_deeper_20260420/industrial_semantic_l1_collab_deeper/Apr-20-2026_19-10-34/best_collision_model.pth,/data/leejt/OneRec/output_weights/experiments/mgr_sid_semantic_l1_collab_deeper_20260420/industrial_semantic_l1_collab_deeper/Apr-20-2026_19-10-34/summary.json,/data/leejt/OneRec/output_weights/experiments/mgr_sid_semantic_l1_collab_deeper_20260420/generated_indices/Industrial_and_Scientific.semantic_l1_collab_deeper.index.json,/data/leejt/OneRec/output_weights/experiments/mgr_sid_semantic_l1_collab_deeper_20260420/generated_indices/Industrial_and_Scientific.semantic_l1_collab_deeper.index.json,-,./research-progress-log/experiment_launches/2026-04-20_mgr_sid_semantic_l1_collab_deeper_industrial,"Semantic-L1 collaborative-deeper（语义第一层、协同下沉） tokenizer（分词器）: L1 has no graph/semantic auxiliary loss（无第一层图/语义辅助损失） and is driven by RQ reconstruction/quantization（残差量化重建/量化）, while L2 uses local_multihop ranking contrastive loss（局部多跳排序对比损失） and L3 uses weak local pull（弱局部拉近） with stop-gradient previous levels（前层停梯度）. Generated SID（生成 SID） is non-catastrophic: collision（碰撞）=14/3686, max_conflict（最大冲突簇）=2, active L1（活跃第一层码）=106, unique L12（唯一一二层前缀）=2547, H(L2|L1)=3.2003, H(L3|L12)=0.5632. Compared with R720e, focus families（重点物品族） become less fragmented（碎片化降低）: 3d_filament L1 count 16->13, tape 36->21, adhesive_epoxy 32->20. Candidate for SFT（监督微调） screening."
tok_industrial_highconf_l1_collab_ranking_20260420,2026-04-20 20:18:50 CST,2026-04-20 20:14:41 CST,industrial,Industrial_and_Scientific,Industrial_and_Scientific_5_2016-10-2018-11,highconf_l1_collab_ranking,mgr_collab_ranking,highconf_l1_collab_ranking,generated,generated_only,0.0539880629,199,0,0,/data/leejt/OneRec/output_weights/experiments/mgr_sid_highconf_l1_collab_ranking_20260420/industrial_highconf_l1_collab_ranking/Apr-20-2026_19-18-47/best_collision_model.pth,/data/leejt/OneRec/output_weights/experiments/mgr_sid_highconf_l1_collab_ranking_20260420/industrial_highconf_l1_collab_ranking/Apr-20-2026_19-18-47/summary.json,/data/leejt/OneRec/output_weights/experiments/mgr_sid_highconf_l1_collab_ranking_20260420/generated_indices/Industrial_and_Scientific.highconf_l1_collab_ranking.index.json,/data/leejt/OneRec/output_weights/experiments/mgr_sid_highconf_l1_collab_ranking_20260420/generated_indices/Industrial_and_Scientific.highconf_l1_collab_ranking.index.json,-,./research-progress-log/experiment_launches/2026-04-20_mgr_sid_highconf_l1_collab_ranking_industrial,"High-confidence L1 collaborative ranking（高置信第一层协同排序） tokenizer（分词器）: same L2/L3 design as semantic_l1_collab_deeper（同样第二层/第三层设计）, but L1 uses semantic-gated collaborative coarse graph（语义门控协同粗图） with inverse ambiguity weighting（逆歧义加权）. Generated SID（生成 SID） is not viable: collision（碰撞）=199/3686, generated collision rate（生成碰撞率）=5.40%, max_conflict（最大冲突簇）=47, active L1（活跃第一层码）=25, unique L12（唯一一二层前缀）=425, H(L3|L12)=2.6924. Apparent family consolidation（家族聚合） is dominated by over-compression/full-SID conflicts（过度压缩/完整 SID 冲突）, so do not promote to SFT（监督微调）."
tok_industrial_original_l3_collab_local_20260420,2026-04-21 04:45:55 CST,2026-04-20 23:46:00 CST,industrial,Industrial_and_Scientific,Industrial_and_Scientific_5_2016-10-2018-11,original_l3_collab_local,mgr_minimal_collab_edit,minimal_collab_edit,generated,sft_evaluated,0.0035268584,13,1,0,/data/leejt/OneRec/output_weights/experiments/mgr_sid_original_l3_collab_local_20260420/industrial_original_l3_collab_local/Apr-20-2026_22-56-39/best_collision_model.pth,/data/leejt/OneRec/output_weights/experiments/mgr_sid_original_l3_collab_local_20260420/industrial_original_l3_collab_local/Apr-20-2026_22-56-39/summary.json,/data/leejt/OneRec/output_weights/experiments/mgr_sid_original_l3_collab_local_20260420/generated_indices/Industrial_and_Scientific.original_l3_collab_local.index.json,./data_experiment/Amazon/original_l3_collab_local/index/Industrial_and_Scientific.index.json,./data_experiment/Amazon/original_l3_collab_local,./research-progress-log/experiment_launches/2026-04-20_mgr_sid_original_l3_collab_local_industrial/README.md,"Minimal collaborative edit（最小协同编辑） tokenizer（分词器）: keep original RQ-VAE reconstruction/quantization（残差量化变分自编码器重建/量化） as the base, inject collaborative signal（协同信号） only through L3 local graph pull（第三层局部图拉近） with previous-level stop-gradient（前层停梯度）. Tokenizer/generate（分词器训练与生成） completed with generated collision（生成冲突）=13/3686, max_conflict（最大冲突簇）=2. Downstream SFT/evaluate（下游监督微调/评测） under title_history2sid_on+desc_align_p05 reached NDCG@10=0.10159 and HR@10=0.14604: below strongest original SFT（原版最强监督微调） and v2_on_p05（当前 v2_on_p05）, but stronger than R720e on NDCG@10 and supports the low-disturbance collaborative-injection（低扰动协同注入） direction."
tok_industrial_original_l2_multihop_ranking_20260421,2026-04-21 08:23:16 CST,2026-04-21 00:55:51 CST,industrial,Industrial_and_Scientific,Industrial_and_Scientific_5_2016-10-2018-11,original_l2_multihop_ranking,mgr_minimal_collab_edit,minimal_collab_edit,generated,sft_evaluated,0.004069452,15,1,0,/data/leejt/OneRec/output_weights/experiments/mgr_sid_original_l2_multihop_ranking_20260421/industrial_original_l2_multihop_ranking/Apr-21-2026_00-05-05/best_collision_model.pth,/data/leejt/OneRec/output_weights/experiments/mgr_sid_original_l2_multihop_ranking_20260421/industrial_original_l2_multihop_ranking/Apr-21-2026_00-05-05/summary.json,/data/leejt/OneRec/output_weights/experiments/mgr_sid_original_l2_multihop_ranking_20260421/generated_indices/Industrial_and_Scientific.original_l2_multihop_ranking.index.json,./data_experiment/Amazon/original_l2_multihop_ranking/index/Industrial_and_Scientific.index.json,./data_experiment/Amazon/original_l2_multihop_ranking,./research-progress-log/experiment_launches/2026-04-21_mgr_sid_original_l2_multihop_ranking_industrial/README.md,"Minimal collaborative edit（最小协同编辑） tokenizer（分词器）: keep original RQ-VAE reconstruction/quantization（残差量化变分自编码器重建/量化） as the base and inject collaborative signal（协同信号） only through L2 local_multihop ranking contrastive loss（第二层局部多跳排序对比损失） with previous-level stop-gradient（前层停梯度）. Tokenizer/generate（分词器训练与生成） completed with generated collision（生成冲突）=15/3686, max_conflict（最大冲突簇）=2, active L1（活跃第一层码）=88, and unique L2 pairs（唯一第二层前缀数）=2449. Downstream SFT/evaluate（下游监督微调/评测） under title_history2sid_on+desc_align_p05 reached NDCG@10=0.10165 and HR@10=0.14736: slightly stronger than original_l3_collab_local（原版第三层局部协同） and R720e（R720e 协同排序） on @10, but still below strongest original SFT（原版最强监督微调） and v2_on_p05 SFT（当前 v2_on_p05 监督微调） on NDCG@10."
tok_industrial_original_l3_ambiguity_aware_20260421,2026-04-21 11:15:00 CST,2026-04-21 11:03:22 CST,industrial,Industrial_and_Scientific,Industrial_and_Scientific_5_2016-10-2018-11,original_l3_ambiguity_aware,mgr_minimal_collab_edit,minimal_collab_edit_ambiguity_aware,generated,generated_only,0.1782419967444384,657,0,0,/data/leejt/OneRec/output_weights/experiments/mgr_sid_original_l3_ambiguity_aware_20260421/industrial_original_l3_ambiguity_aware/Apr-21-2026_10-10-36/best_collision_model.pth,/data/leejt/OneRec/output_weights/experiments/mgr_sid_original_l3_ambiguity_aware_20260421/industrial_original_l3_ambiguity_aware/Apr-21-2026_10-10-36/summary.json,/data/leejt/OneRec/output_weights/experiments/mgr_sid_original_l3_ambiguity_aware_20260421/generated_indices/Industrial_and_Scientific.original_l3_ambiguity_aware.index.json,/data/leejt/OneRec/output_weights/experiments/mgr_sid_original_l3_ambiguity_aware_20260421/generated_indices/Industrial_and_Scientific.original_l3_ambiguity_aware.index.json,-,./research-progress-log/experiment_launches/2026-04-21_mgr_sid_original_l3_ambiguity_aware_industrial/README.md,"R730a original L3-only ambiguity-aware（仅第三层歧义感知） tokenizer（分词器）: same as original_l3_collab_local（原版第三层局部协同） except graph_scale_min/max（图缩放范围） changes from 1.0/1.0 to 0.5/1.5 so high-ambiguity items（高歧义物品） receive stronger L3 local graph smoothing（第三层局部图平滑）. Tokenizer generation（分词器生成） collapsed: generated collision（生成冲突）=657/3686, collision rate（冲突率）=0.17824, max_conflict（最大冲突簇）=72, active L1（活跃第一层码）=18, unique L2 pairs（唯一第二层前缀数）=256. Compared with original_l3_collab_local（原版第三层局部协同） at 13/3686 collision and active L1=95, ambiguity-aware L3 scaling is not viable in this form and should not be pushed to SFT（监督微调）."
tok_industrial_original_l2_ambiguity_aware_20260421,2026-04-21 11:40:00 CST,2026-04-21 11:06:43 CST,industrial,Industrial_and_Scientific,Industrial_and_Scientific_5_2016-10-2018-11,original_l2_ambiguity_aware,mgr_minimal_collab_edit,minimal_collab_edit_ambiguity_aware,generated,generated_only,0.00352685838307108,13,0,0,/data/leejt/OneRec/output_weights/experiments/mgr_sid_original_l2_ambiguity_aware_20260421/industrial_original_l2_ambiguity_aware/Apr-21-2026_10-14-19/best_collision_model.pth,/data/leejt/OneRec/output_weights/experiments/mgr_sid_original_l2_ambiguity_aware_20260421/industrial_original_l2_ambiguity_aware/Apr-21-2026_10-14-19/summary.json,/data/leejt/OneRec/output_weights/experiments/mgr_sid_original_l2_ambiguity_aware_20260421/generated_indices/Industrial_and_Scientific.original_l2_ambiguity_aware.index.json,/data/leejt/OneRec/output_weights/experiments/mgr_sid_original_l2_ambiguity_aware_20260421/generated_indices/Industrial_and_Scientific.original_l2_ambiguity_aware.index.json,-,./research-progress-log/experiment_launches/2026-04-21_mgr_sid_original_l2_ambiguity_aware_industrial/README.md,"R730b original L2-only ambiguity-aware（仅第二层歧义感知） tokenizer（分词器）: keep original RQ-VAE（原版残差量化变分自编码器） objective（目标） and add only L2 local_multihop smoothing（第二层局部多跳平滑） with graph_scale_min/max（图缩放范围） 0.5/1.5 and previous-level stop-gradient（前层停梯度）. Tokenizer generation（分词器生成） is non-catastrophic at 13/3686 collision（冲突）, max_conflict（最大冲突簇）=2, but the prefix space（前缀空间） is strongly compressed: active L1（活跃第一层码）=50, unique L2 pairs（唯一第二层前缀数）=1693, and top-5 L1 buckets（前 5 个第一层桶） cover 808 items（物品）. This is structurally safer than original_l3_ambiguity_aware（原版第三层歧义感知） but materially more concentrated than original_l2_multihop_ranking（原版第二层多跳排序） and original_l3_collab_local（原版第三层局部协同）, so it should stay a tokenizer-side control（分词器侧对照） rather than the next SFT（监督微调） priority."
tok_industrial_original_l2_ranking_ambiguity_aware_20260421,2026-04-21 12:05:00 CST,2026-04-21 11:10:35 CST,industrial,Industrial_and_Scientific,Industrial_and_Scientific_5_2016-10-2018-11,original_l2_ranking_ambiguity_aware,mgr_minimal_collab_edit,minimal_collab_edit_ambiguity_aware,generated,generated_only,0.004069451980466631,15,0,0,/data/leejt/OneRec/output_weights/experiments/mgr_sid_original_l2_ranking_ambiguity_aware_20260421/industrial_original_l2_ranking_ambiguity_aware/Apr-21-2026_10-17-42/best_collision_model.pth,/data/leejt/OneRec/output_weights/experiments/mgr_sid_original_l2_ranking_ambiguity_aware_20260421/industrial_original_l2_ranking_ambiguity_aware/Apr-21-2026_10-17-42/summary.json,/data/leejt/OneRec/output_weights/experiments/mgr_sid_original_l2_ranking_ambiguity_aware_20260421/generated_indices/Industrial_and_Scientific.original_l2_ranking_ambiguity_aware.index.json,/data/leejt/OneRec/output_weights/experiments/mgr_sid_original_l2_ranking_ambiguity_aware_20260421/generated_indices/Industrial_and_Scientific.original_l2_ranking_ambiguity_aware.index.json,-,./research-progress-log/experiment_launches/2026-04-21_mgr_sid_original_l2_ranking_ambiguity_aware_industrial/README.md,"R730c original L2 ranking ambiguity-aware（原版第二层排序歧义感知） tokenizer（分词器）: same push-pull interface（推拉接口） as original_l2_multihop_ranking（原版第二层多跳排序） but with graph_scale_min/max（图缩放范围） 0.5/1.5 so high-ambiguity items（高歧义物品） receive stronger ranking pressure（排序压力）. Tokenizer generation（分词器生成） is non-catastrophic at 15/3686 collision（冲突）, max_conflict（最大冲突簇）=2, but train best collision（训练最佳冲突率） worsens to 0.1856 and the mid-level prefix space（中层前缀空间） becomes much more compressed than original_l2_multihop_ranking: active L1（活跃第一层码）=77, unique L2 pairs（唯一第二层前缀数）=1649, and top-5 L1 buckets（前 5 个第一层桶） cover 743 items（物品）. The largest bucket（最大桶） is a heterogeneous mixed industrial bucket（异质工业混合桶） rather than a clean collaborative cluster（干净协同簇）, so this branch should remain tokenizer-side control（分词器侧对照） and not be prioritized for SFT（监督微调）."
tok_industrial_v2_l1cap128_20260421,2026-04-21 13:40:00 CST,2026-04-21 13:26:23 CST,industrial,Industrial_and_Scientific,Industrial_and_Scientific_5_2016-10-2018-11,v2_l1cap128,mgr_sid_v2_capacity,v2_l1_capacity_control,generated,generated_only,0.030927835051546393,114,0,0,/data/leejt/OneRec/output_weights/experiments/mgr_sid_v2_l1cap128_20260421/industrial_v2_l1cap128/Apr-21-2026_12-40-43/best_collision_model.pth,/data/leejt/OneRec/output_weights/experiments/mgr_sid_v2_l1cap128_20260421/industrial_v2_l1cap128/Apr-21-2026_12-40-43/summary.json,/data/leejt/OneRec/output_weights/experiments/mgr_sid_v2_l1cap128_20260421/generated_indices/Industrial_and_Scientific.v2_l1cap128.index.json,/data/leejt/OneRec/output_weights/experiments/mgr_sid_v2_l1cap128_20260421/generated_indices/Industrial_and_Scientific.v2_l1cap128.index.json,-,./research-progress-log/experiment_launches/2026-04-21_mgr_sid_v2_l1cap128_industrial/README.md,"R740a v2 L1 capacity cap（第一层容量限制） tokenizer（分词器）: original v2 ambiguity-aware graph supervision（歧义感知图监督） and semantic retention（语义保持） are unchanged, only num_emb_list（码本大小列表） changes from [256,256,256] to [128,256,256]. This is a clear tokenizer-side no-go（分词器侧停止）: train best collision（训练最佳冲突率）=0.59197, generated collision（生成冲突）=114/3686=0.03093, max_conflict（最大冲突簇）=21, active L1（活跃第一层码） collapses to 15, and unique L2 pairs（唯一第二层前缀数） drops to 452. The cap does not produce a moderate L1 routeability repair（第一层可路由性修复）; it over-compresses the SID space（SID 空间） and should not be pushed to SFT（监督微调）."
tok_industrial_qcr_l2_conflict_ranking_20260421,2026-04-21 16:30:00 CST,2026-04-21 16:13:40 CST,industrial,Industrial_and_Scientific,Industrial_and_Scientific_5_2016-10-2018-11,qcr_l2_conflict_ranking,mgr_minimal_collab_edit,qcr_l2_conflict_ranking,generated,generated_only,0.002984264785675529,11,0,0,/data/leejt/OneRec/output_weights/experiments/mgr_sid_qcr_l2_conflict_ranking_20260421/industrial_qcr_l2_conflict_ranking/Apr-21-2026_15-27-34/best_collision_model.pth,/data/leejt/OneRec/output_weights/experiments/mgr_sid_qcr_l2_conflict_ranking_20260421/industrial_qcr_l2_conflict_ranking/Apr-21-2026_15-27-34/summary.json,/data/leejt/OneRec/output_weights/experiments/mgr_sid_qcr_l2_conflict_ranking_20260421/generated_indices/Industrial_and_Scientific.qcr_l2_conflict_ranking.index.json,/data/leejt/OneRec/output_weights/experiments/mgr_sid_qcr_l2_conflict_ranking_20260421/generated_indices/Industrial_and_Scientific.qcr_l2_conflict_ranking.index.json,-,./research-progress-log/experiment_launches/2026-04-21_mgr_sid_qcr_l2_conflict_ranking_industrial/README.md,"QCR-L2 conflict-ranking（量化冲突感知第二层排序） tokenizer（分词器）: keep original RQ-VAE backbone（原版残差量化变分自编码器主干）, disable global graph propagation（全局图传播） and ordinary L2 ranking（普通第二层排序）, and activate L2 repulsion（第二层推开） only when semantic-near graph-weak negatives（语义近但图弱负样本） currently share the L2 prefix（第二层前缀）. Tokenizer/generate（分词器训练与生成） is healthy: generated collision（生成冲突）=11/3686, max_conflict（最大冲突簇）=2, active L1（活跃第一层码）=117, unique L2 pairs（唯一第二层前缀数）=2632. On the QCR negative-pair set（QCR 负样本对集合）, same-L2 rate（同第二层率）=0.01119, lower than original_l2_multihop_ranking（原版第二层多跳排序）的 0.01217 but not lower than v2/original_l3_collab_local（0.01025）. This is a good tokenizer-side SFT screening candidate（分词器侧监督微调筛选候选）, but not yet downstream-validated（下游验证）."
