c_l1,size,distinct_b_l1_sources,top_b_sources,top_family,top_family_count,purity
181,18,13,244:2; 129:2; 35:2; 87:2; 79:2,other,12,0.6666666666666666
69,19,11,232:3; 134:3; 172:2; 166:2; 109:2,other,12,0.631578947368421
98,14,11,164:3; 133:2; 22:1; 181:1; 111:1,other,7,0.5
168,16,10,186:6; 185:2; 68:1; 172:1; 109:1,other,10,0.625
153,13,10,207:2; 17:2; 235:2; 0:1; 138:1,other,11,0.8461538461538461
123,41,9,58:12; 126:8; 229:6; 143:3; 71:3,3d_filament,29,0.7073170731707317
70,30,9,71:14; 200:4; 237:4; 113:2; 140:2,3d_filament,27,0.9
141,22,9,159:8; 187:4; 196:3; 217:2; 118:1,connector_fitting,14,0.6363636363636364
31,17,9,164:4; 139:3; 108:3; 199:2; 207:1,other,10,0.5882352941176471
134,17,9,51:4; 166:4; 232:2; 118:2; 165:1,other,13,0.7647058823529411
157,15,9,31:3; 193:3; 127:2; 104:2; 227:1,gauge_meter,8,0.5333333333333333
198,15,9,79:5; 97:3; 28:1; 240:1; 134:1,other,14,0.9333333333333333
232,15,9,210:4; 28:3; 235:2; 68:1; 53:1,other,15,1.0
10,13,9,253:4; 249:2; 95:1; 47:1; 118:1,other,6,0.46153846153846156
121,13,9,87:5; 14:1; 59:1; 182:1; 175:1,tape,8,0.6153846153846154
21,13,9,35:3; 223:2; 166:2; 253:1; 210:1,other,8,0.6153846153846154
194,12,9,135:4; 103:1; 198:1; 106:1; 239:1,other,9,0.75
135,12,9,35:3; 145:2; 87:1; 89:1; 246:1,other,8,0.6666666666666666
248,12,9,15:3; 11:2; 199:1; 119:1; 239:1,other,11,0.9166666666666666
58,10,9,160:2; 47:1; 203:1; 81:1; 243:1,other,9,0.9
206,32,8,255:18; 195:8; 237:1; 200:1; 77:1,3d_filament,26,0.8125
115,25,8,51:12; 123:6; 232:2; 216:1; 118:1,other,19,0.76
60,24,8,67:9; 185:4; 36:3; 165:3; 115:2,other,18,0.75
230,22,8,93:11; 163:3; 105:2; 49:2; 145:1,other,22,1.0
24,21,8,106:14; 239:1; 208:1; 146:1; 243:1,other,18,0.8571428571428571
57,18,8,9:7; 255:4; 55:2; 140:1; 183:1,3d_filament,14,0.7777777777777778
22,17,8,172:7; 139:3; 240:2; 180:1; 44:1,other,14,0.8235294117647058
203,14,8,49:7; 191:1; 232:1; 213:1; 95:1,metadata_placeholder,9,0.6428571428571429
225,13,8,136:4; 231:2; 250:2; 199:1; 138:1,other,6,0.46153846153846156
26,13,8,90:3; 215:2; 115:2; 18:2; 207:1,other,12,0.9230769230769231
65,12,8,21:3; 52:3; 68:1; 248:1; 160:1,other,12,1.0
150,12,8,38:5; 197:1; 215:1; 18:1; 158:1,other,10,0.8333333333333334
253,12,8,30:3; 100:3; 178:1; 190:1; 115:1,other,8,0.6666666666666666
146,11,8,240:2; 244:2; 216:2; 137:1; 190:1,other,9,0.8181818181818182
183,8,8,173:1; 1:1; 144:1; 127:1; 50:1,gauge_meter,4,0.5
124,71,7,58:45; 237:16; 71:4; 234:3; 140:1,3d_filament,69,0.971830985915493
240,32,7,58:10; 234:6; 126:5; 120:5; 113:4,3d_filament,24,0.75
33,29,7,253:19; 247:3; 118:3; 46:1; 186:1,connector_fitting,28,0.9655172413793104
210,19,7,64:10; 228:3; 172:2; 216:1; 162:1,fastener,16,0.8421052631578947
127,19,7,137:10; 190:3; 35:2; 255:1; 220:1,3d_filament,15,0.7894736842105263
196,18,7,209:9; 21:3; 159:2; 29:1; 253:1,other,13,0.7222222222222222
82,17,7,123:7; 46:3; 118:2; 51:2; 3:1,connector_fitting,6,0.35294117647058826
255,15,7,150:3; 45:3; 145:2; 37:2; 138:2,other,13,0.8666666666666667
233,15,7,138:4; 231:4; 153:3; 166:1; 33:1,fastener,8,0.5333333333333333
89,15,7,124:8; 174:2; 14:1; 48:1; 158:1,adhesive_epoxy,6,0.4
15,14,7,208:3; 161:3; 163:3; 102:2; 201:1,other,13,0.9285714285714286
170,14,7,99:3; 91:3; 193:2; 178:2; 209:2,other,10,0.7142857142857143
188,13,7,163:5; 214:2; 170:2; 128:1; 145:1,other,12,0.9230769230769231
40,13,7,207:7; 3:1; 236:1; 83:1; 10:1,other,10,0.7692307692307693
77,13,7,181:5; 191:2; 119:2; 55:1; 3:1,other,7,0.5384615384615384
172,12,7,39:4; 72:2; 63:2; 250:1; 49:1,other,8,0.6666666666666666
19,12,7,246:5; 185:2; 150:1; 45:1; 186:1,other,11,0.9166666666666666
25,12,7,26:4; 78:2; 199:2; 11:1; 98:1,other,12,1.0
178,11,7,0:3; 199:2; 88:2; 132:1; 141:1,other,7,0.6363636363636364
217,11,7,60:5; 11:1; 219:1; 195:1; 12:1,other,7,0.6363636363636364
237,11,7,239:4; 14:2; 48:1; 238:1; 145:1,other,9,0.8181818181818182
0,11,7,154:4; 19:2; 241:1; 184:1; 176:1,other,9,0.8181818181818182
83,11,7,225:5; 110:1; 235:1; 219:1; 182:1,other,10,0.9090909090909091
149,10,7,195:4; 55:1; 131:1; 181:1; 249:1,tape,4,0.4
113,9,7,225:3; 34:1; 219:1; 207:1; 75:1,other,9,1.0
13,40,6,254:24; 249:7; 115:4; 229:2; 32:2,gauge_meter,25,0.625
114,28,6,242:14; 13:9; 109:2; 118:1; 202:1,connector_fitting,26,0.9285714285714286
177,28,6,67:12; 165:7; 32:3; 151:3; 123:2,other,18,0.6428571428571429
29,24,6,121:11; 30:8; 104:2; 68:1; 101:1,other,10,0.4166666666666667
101,23,6,117:15; 187:4; 205:1; 137:1; 173:1,other,17,0.7391304347826086
158,21,6,186:7; 187:6; 253:4; 118:2; 165:1,connector_fitting,17,0.8095238095238095
179,20,6,254:8; 249:4; 253:3; 76:2; 32:2,adhesive_epoxy,9,0.45
59,19,6,233:8; 14:4; 87:4; 31:1; 249:1,tape,19,1.0
152,18,6,129:8; 236:4; 72:2; 216:2; 208:1,other,17,0.9444444444444444
1,18,6,30:10; 160:4; 190:1; 208:1; 151:1,other,16,0.8888888888888888
139,17,6,212:8; 228:3; 202:2; 24:2; 168:1,other,12,0.7058823529411765
73,17,6,111:8; 153:3; 79:2; 216:2; 68:1,other,14,0.8235294117647058
185,16,6,0:8; 42:2; 26:2; 132:2; 199:1,other,12,0.75
32,16,6,211:5; 198:4; 48:3; 124:2; 128:1,adhesive_epoxy,13,0.8125
109,15,6,52:8; 54:2; 73:2; 27:1; 219:1,other,13,0.8666666666666667
78,15,6,227:7; 8:2; 30:2; 16:2; 104:1,other,12,0.8
147,13,6,167:5; 141:4; 60:1; 95:1; 77:1,other,8,0.6153846153846154
37,13,6,204:4; 40:3; 84:2; 90:2; 195:1,other,5,0.38461538461538464
180,13,6,127:4; 241:3; 31:3; 217:1; 181:1,gauge_meter,8,0.6153846153846154
20,13,6,250:4; 33:3; 79:2; 162:2; 164:1,fastener,5,0.38461538461538464
110,12,6,112:5; 103:3; 119:1; 163:1; 63:1,other,12,1.0
7,11,6,200:5; 204:2; 125:1; 152:1; 9:1,3d_filament,6,0.5454545454545454
245,11,6,211:5; 230:2; 75:1; 225:1; 110:1,adhesive_epoxy,9,0.8181818181818182
189,10,6,214:4; 27:2; 52:1; 225:1; 170:1,other,8,0.8
119,8,6,6:3; 185:1; 198:1; 202:1; 26:1,other,5,0.625
105,7,6,3:2; 207:1; 179:1; 35:1; 95:1,tape,4,0.5714285714285714
167,7,6,132:2; 148:1; 19:1; 194:1; 17:1,other,7,1.0
62,6,6,182:1; 113:1; 130:1; 129:1; 138:1,other,4,0.6666666666666666
90,6,6,229:1; 59:1; 140:1; 11:1; 126:1,other,3,0.5
241,43,5,237:31; 71:5; 234:4; 58:2; 120:1,3d_filament,43,1.0
34,40,5,237:29; 71:5; 195:3; 188:2; 156:1,3d_filament,39,0.975
50,24,5,82:7; 99:7; 178:6; 143:3; 253:1,other,20,0.8333333333333334
51,23,5,148:16; 68:4; 85:1; 28:1; 72:1,other,22,0.9565217391304348
36,23,5,140:8; 126:6; 200:5; 237:2; 113:2,3d_filament,16,0.6956521739130435
236,20,5,245:10; 201:7; 103:1; 144:1; 251:1,other,15,0.75
117,19,5,91:7; 5:7; 178:3; 30:1; 82:1,other,16,0.8421052631578947
175,19,5,120:11; 9:4; 140:2; 234:1; 113:1,3d_filament,15,0.7894736842105263
23,18,5,153:10; 6:3; 250:3; 184:1; 228:1,other,8,0.4444444444444444
72,18,5,242:7; 13:5; 46:2; 109:2; 118:2,connector_fitting,17,0.9444444444444444
12,17,5,44:9; 202:3; 24:2; 88:2; 108:1,other,15,0.8823529411764706
3,16,5,130:12; 162:1; 24:1; 87:1; 184:1,fastener,15,0.9375
99,16,5,109:9; 51:3; 13:2; 172:1; 186:1,connector_fitting,12,0.75
247,16,5,156:6; 77:4; 167:3; 96:2; 182:1,other,12,0.75
202,16,5,236:12; 26:1; 208:1; 164:1; 16:1,other,12,0.75
137,16,5,50:11; 66:2; 122:1; 63:1; 31:1,gauge_meter,12,0.75
151,16,5,251:7; 86:6; 201:1; 226:1; 63:1,other,15,0.9375
92,16,5,229:6; 14:5; 198:2; 87:2; 11:1,tape,16,1.0
191,15,5,191:10; 108:2; 47:1; 46:1; 95:1,metadata_placeholder,11,0.7333333333333333
71,15,5,96:10; 40:2; 156:1; 252:1; 204:1,gauge_meter,11,0.7333333333333333
239,15,5,12:8; 226:4; 20:1; 167:1; 128:1,other,15,1.0
104,15,5,152:9; 104:3; 88:1; 31:1; 50:1,other,10,0.6666666666666666
96,15,5,29:5; 227:5; 36:3; 65:1; 99:1,other,11,0.7333333333333333
207,15,5,180:9; 240:2; 22:2; 183:1; 137:1,other,11,0.7333333333333333
130,14,5,151:7; 76:4; 175:1; 253:1; 249:1,tape,12,0.8571428571428571
213,14,5,16:6; 241:5; 131:1; 227:1; 127:1,gauge_meter,11,0.7857142857142857
120,14,5,170:6; 106:3; 103:3; 201:1; 171:1,other,14,1.0
226,13,5,68:4; 150:4; 216:3; 2:1; 244:1,other,13,1.0
140,13,5,248:9; 115:1; 74:1; 219:1; 53:1,other,10,0.7692307692307693
6,13,5,25:9; 217:1; 243:1; 141:1; 155:1,other,7,0.5384615384615384
182,12,5,81:4; 166:4; 137:2; 162:1; 190:1,gauge_meter,6,0.5
145,12,5,155:4; 107:3; 131:2; 98:2; 25:1,gauge_meter,10,0.8333333333333334
11,12,5,85:7; 84:2; 65:1; 156:1; 188:1,other,9,0.75
244,12,5,21:7; 35:2; 27:1; 244:1; 33:1,other,9,0.75
67,12,5,16:4; 98:3; 144:2; 1:2; 161:1,gauge_meter,6,0.5
17,11,5,196:3; 205:3; 221:2; 183:2; 190:1,other,10,0.9090909090909091
54,11,5,136:6; 250:2; 26:1; 42:1; 78:1,gauge_meter,5,0.45454545454545453
93,11,5,48:7; 17:1; 230:1; 41:1; 158:1,adhesive_epoxy,10,0.9090909090909091
97,11,5,130:5; 33:2; 250:2; 6:1; 207:1,fastener,11,1.0
211,10,5,171:3; 177:3; 135:2; 74:1; 63:1,other,10,1.0
42,10,5,110:4; 59:2; 48:2; 89:1; 41:1,adhesive_epoxy,6,0.6
80,10,5,231:5; 250:2; 162:1; 33:1; 168:1,fastener,10,1.0
214,9,5,165:4; 3:2; 51:1; 46:1; 234:1,connector_fitting,5,0.5555555555555556
16,9,5,102:4; 3:2; 246:1; 27:1; 97:1,other,9,1.0
91,9,5,74:3; 63:2; 103:2; 248:1; 201:1,other,8,0.8888888888888888
95,7,5,143:2; 173:2; 243:1; 246:1; 171:1,other,5,0.7142857142857143
43,6,5,158:2; 225:1; 211:1; 215:1; 75:1,other,3,0.5
176,6,5,34:2; 10:1; 75:1; 215:1; 41:1,other,5,0.8333333333333334
129,6,5,171:2; 215:1; 158:1; 47:1; 221:1,other,6,1.0
131,29,4,206:21; 13:6; 242:1; 51:1,connector_fitting,29,1.0
223,26,4,251:21; 86:2; 189:2; 1:1,other,25,0.9615384615384616
221,25,4,247:22; 209:1; 159:1; 118:1,connector_fitting,20,0.8
242,24,4,76:12; 179:10; 83:1; 234:1,tape,24,1.0
216,22,4,65:17; 220:2; 195:2; 60:1,other,11,0.5
81,20,4,220:13; 8:3; 65:2; 167:2,other,16,0.8
9,18,4,73:13; 244:2; 79:2; 148:1,other,15,0.8333333333333334
79,18,4,193:13; 55:3; 5:1; 236:1,other,18,1.0
166,16,4,14:9; 182:4; 89:2; 18:1,tape,15,0.9375
126,16,4,86:13; 1:1; 98:1; 201:1,other,16,1.0
190,15,4,69:10; 155:3; 152:1; 135:1,other,10,0.6666666666666666
132,15,4,127:6; 190:4; 183:3; 217:2,other,15,1.0
66,15,4,5:8; 30:4; 183:2; 8:1,other,14,0.9333333333333333
106,14,4,179:7; 83:5; 14:1; 249:1,tape,14,1.0
161,14,4,192:8; 20:3; 84:2; 57:1,gauge_meter,13,0.9285714285714286
47,14,4,83:7; 45:5; 110:1; 230:1,tape,7,0.5
84,13,4,40:5; 252:4; 204:3; 20:1,other,10,0.7692307692307693
205,13,4,196:5; 217:3; 3:3; 73:2,other,9,0.6923076923076923
155,13,4,34:8; 171:3; 215:1; 53:1,other,9,0.6923076923076923
174,13,4,34:6; 215:4; 41:2; 128:1,other,12,0.9230769230769231
118,12,4,131:9; 183:1; 117:1; 190:1,other,10,0.8333333333333334
208,11,4,66:7; 122:2; 12:1; 20:1,other,11,1.0
224,11,4,252:5; 96:3; 40:2; 200:1,other,7,0.6363636363636364
220,11,4,188:7; 156:2; 167:1; 220:1,other,6,0.5454545454545454
250,10,4,22:6; 118:2; 51:1; 123:1,other,10,1.0
143,10,4,75:7; 10:1; 222:1; 230:1,other,9,0.9
154,9,4,17:4; 119:3; 161:1; 235:1,other,8,0.8888888888888888
238,9,4,170:6; 235:1; 244:1; 214:1,other,9,1.0
246,9,4,20:4; 226:2; 57:2; 204:1,other,6,0.6666666666666666
103,9,4,221:4; 36:2; 5:2; 209:1,other,6,0.6666666666666666
61,9,4,61:6; 105:1; 191:1; 184:1,other,8,0.8888888888888888
100,8,4,119:4; 53:2; 33:1; 235:1,other,8,1.0
136,8,4,230:4; 198:2; 158:1; 11:1,adhesive_epoxy,5,0.625
222,7,4,230:3; 198:2; 11:1; 233:1,adhesive_epoxy,5,0.7142857142857143
48,33,3,101:22; 100:7; 8:4,other,31,0.9393939393939394
76,29,3,238:24; 163:3; 37:2,other,29,1.0
107,26,3,112:23; 74:2; 135:1,other,24,0.9230769230769231
52,24,3,146:22; 34:1; 182:1,other,24,1.0
30,22,3,15:15; 169:5; 66:2,other,22,1.0
45,20,3,213:9; 19:7; 176:4,other,16,0.8
108,20,3,157:11; 10:6; 110:3,other,16,0.8
215,18,3,92:11; 149:6; 161:1,other,17,0.9444444444444444
148,18,3,18:12; 218:5; 63:1,other,15,0.8333333333333334
192,18,3,223:9; 186:8; 247:1,connector_fitting,18,1.0
38,17,3,91:15; 30:1; 183:1,other,15,0.8823529411764706
112,17,3,180:9; 185:7; 138:1,other,15,0.8823529411764706
249,16,3,205:8; 217:7; 117:1,other,8,0.5
162,16,3,7:7; 57:7; 252:2,other,15,0.9375
199,15,3,222:12; 243:2; 178:1,other,10,0.6666666666666666
133,14,3,133:5; 241:5; 181:4,gauge_meter,8,0.5714285714285714
5,14,3,38:11; 103:2; 61:1,other,14,1.0
53,14,3,202:6; 212:4; 42:4,other,11,0.7857142857142857
184,14,3,105:9; 72:4; 61:1,other,14,1.0
160,14,3,132:12; 17:1; 78:1,other,13,0.9285714285714286
209,14,3,226:12; 188:1; 167:1,other,10,0.7142857142857143
35,13,3,231:7; 64:5; 96:1,fastener,13,1.0
229,13,3,210:10; 244:2; 2:1,other,13,1.0
68,13,3,194:9; 23:3; 19:1,other,13,1.0
14,13,3,202:5; 228:4; 24:4,other,10,0.7692307692307693
187,13,3,17:10; 246:2; 53:1,other,13,1.0
234,11,3,36:6; 31:3; 88:2,other,8,0.7272727272727273
128,11,3,211:8; 75:2; 15:1,adhesive_epoxy,10,0.9090909090909091
252,11,3,41:7; 157:3; 10:1,other,8,0.7272727272727273
159,11,3,130:7; 168:3; 6:1,fastener,11,1.0
75,11,3,107:9; 201:1; 171:1,gauge_meter,9,0.8181818181818182
87,10,3,33:8; 250:1; 207:1,other,5,0.5
201,10,3,114:8; 157:1; 10:1,adhesive_epoxy,6,0.6
86,10,3,141:5; 8:3; 220:2,gauge_meter,5,0.5
171,9,3,34:5; 225:2; 41:2,other,8,0.8888888888888888
165,9,3,17:7; 203:1; 118:1,other,9,1.0
125,9,3,92:4; 149:4; 2:1,other,6,0.6666666666666666
200,8,3,25:5; 69:2; 8:1,gauge_meter,4,0.5
8,7,3,158:5; 48:1; 233:1,adhesive_epoxy,4,0.5714285714285714
111,7,3,23:4; 154:2; 213:1,other,7,1.0
122,7,3,215:5; 196:1; 47:1,other,7,1.0
228,5,3,113:3; 140:1; 243:1,other,3,0.6
254,36,2,58:35; 71:1,3d_filament,36,1.0
204,25,2,89:22; 59:3,tape,24,0.96
2,22,2,136:21; 79:1,gauge_meter,21,0.9545454545454546
251,19,2,54:18; 80:1,other,19,1.0
186,17,2,214:16; 27:1,other,8,0.47058823529411764
44,17,2,122:16; 203:1,other,17,1.0
163,16,2,81:11; 136:5,fastener,10,0.625
28,16,2,238:13; 34:3,other,16,1.0
18,15,2,59:14; 229:1,tape,15,1.0
85,12,2,63:7; 245:5,other,11,0.9166666666666666
46,11,2,6:10; 123:1,fastener,10,0.9090909090909091
227,9,2,125:7; 20:2,other,8,0.8888888888888888
218,9,2,239:5; 61:4,other,9,1.0
39,7,2,23:6; 152:1,other,6,0.8571428571428571
243,6,2,235:5; 59:1,other,3,0.5
55,6,2,17:3; 171:3,other,5,0.8333333333333334
88,23,1,32:23,other,21,0.9130434782608695
156,19,1,185:19,gauge_meter,10,0.5263157894736842
63,18,1,43:18,other,18,1.0
41,17,1,177:17,other,15,0.8823529411764706
74,16,1,2:16,other,14,0.875
231,12,1,78:12,other,12,1.0
235,10,1,175:10,fastener,8,0.8
195,9,1,48:9,adhesive_epoxy,9,1.0
102,7,1,128:7,other,7,1.0
193,6,1,194:6,other,6,1.0
