family,l1,family_items_in_l1,family_coverage,bucket_size,bucket_purity,top_bucket_families,examples
3d_filament,<a_241>,119,0.3082901554404145,120,0.9916666666666667,"{'3d_filament': 119, 'other': 1}","HATCHBOX PLA 3D Printer Filament, Dimensional Accuracy +/- 0.03 mm, 1 kg Spool, 1.75 mm, Blue || USAFilament 9800429 ABS 3D Printing Filament, 2.2 lb, 1.75 mm, White Spool || HATCHBOX PLA 3D Printer Filament, Dimensional Accuracy +/- 0.03 mm, 1 kg Spool, 1.75 mm, Green || UP! ABS Plastic Filament, 1.75 mm Diameter, 1.54 lbs Spool, Black || Verbatim 3D Printer Filament - PLA High-Grade 1.75mm 1kg Reel - Widely Compatible with 3D Printers - Red || XYZprinting ABS Plastic Filament Cartridge, 1.75 mm Diameter, 600g, Black || XYZprinting PLA Filament Cartridge, 1.75 mm Diameter, 600g, Nature || HATCHBOX ABS 3D Printer Filament, Dimensional Accuracy +/- 0.03 mm, 1 kg Spool, 1.75 mm, White"
3d_filament,<a_201>,76,0.19689119170984457,77,0.987012987012987,"{'3d_filament': 76, 'other': 1}","HATCHBOX 1 Spool 3D Printer Filament Tabletop Wall Mount Rack || HATCHBOX Glow in the Dark PLA 3D Printer Filament, Dimension Accuracy +/-0.03 mm, 1 kg Spool, 1.75 mm - Blue || 3D Solutech Teal Blue 3D Printer PLA Filament 1.75MM Filament, Dimensional Accuracy +/- 0.03 mm, 2.2 LBS (1.0KG) || Gizmo Dorks 1.75mm PLA Filament 1kg / 2.2lb for 3D Printers, Black || Gizmo Dorks 1.75mm PLA Filament 1kg / 2.2lb for 3D Printers, Translucent Green || Gizmo Dorks 1.75mm PLA Filament 1kg / 2.2lb for 3D Printers, White || Filabot 910175 Taulman 910 Alloy, 1.75"" Filament Diameter, Natural || 3D Solutech Hot Pink 3D Printer PLA Filament 1.75MM Filament, Dimensional Accuracy +/- 0.03 mm, 2.2 LBS (1.0KG)"
3d_filament,<a_196>,58,0.15025906735751296,61,0.9508196721311475,"{'3d_filament': 58, 'other': 3}","MakerGear M2 Desktop 3D Printer || eSUN 1.75mm Black PLA PRO (PLA+) 3D Printer Filament 1KG Spool (2.2lbs), Black || Inland 1.75mm Red PLA 3D Printer Filament - 1kg Spool (2.2 lbs) || Inland 1.75mm Peak Green PLA 3D Printer Filament - 1kg Spool (2.2 lbs) || 3 PCS Mechanical End Stop with Wiring for CNC Machine or RepRap 3D printer, compatible with RAMPS || FAMI 3D Printer MK2 MK3 Heated Bed Tempered Borosilicate Glass Plate 2132003mm || HICTOP 1.75mm Black PLA 3D Printer Filament - 1kg Spool (2.2 lbs) - Dimensional Accuracy +/- 0.02mm || Metal J-head V6 Hotend 1.75mm Filament 0.4mm Bowden Extruder Reprap 3D Printer with 1 Meter Tubing"
3d_filament,<a_20>,27,0.06994818652849741,33,0.8181818181818182,"{'3d_filament': 27, 'other': 6}","eSUN 3D 1.75mm PETG Natural Filament 1kg (2.2lb), PETG 3D Printer Filament, Semi-Transparent 1.75mm Natural || eSUN 3D 1.75mm PETG Blue Filament 1kg (2.2lb), PETG 3D Printer Filament, 1.75mm Semi-Transparent Blue || eSUN 3D 1.75mm PETG Green Filament 1kg (2.2lb), PETG 3D Printer Filament, Semi-Transparent 1.75mm Green || SainSmart Clear Flexible TPU 3D Printing Filament, 1.75 mm, 0.8 kg, Dimensional Accuracy +/- 0.05 mm || HICTOP 3 Pcs 3D Printer Extruder 0.4mm Brass Nozzle + 3 Pcs Extruder 1.75mm Tube for Reprap Prusa I3 || eSUN 3D 1.75mm PETG Black Filament 1kg (2.2lb), PETG 3D Printer Filament, 1.75mm Solid Opaque Black || NinjaFlex TPU 3D Printing Filament - 1.75mm .50kg - SAPPHIRE || PTFE Teflon Bowden Tube for 1.75 Filament (2.0mm ID/4.0mm OD) &ndash; White Connector Tubing for 3D Pr"
3d_filament,<a_227>,25,0.06476683937823834,28,0.8928571428571429,"{'3d_filament': 25, 'other': 2, 'tape': 1}","Geeetech I3 Pro C, Dual Extruder,double Head,reprap Pursa I3 3d Printer,two-color Printing, High Resolution || XYZprinting da Vinci 1.0 AiO All-in-One 3D Printer (Scan/Edit/Print) || XYZprinting RFPLCXUS00B da Vinci Jr. & mini Series Filament, PLA (NFC), 600 g, Nature || da Vinci 1.0 3D Printer - 7.8"" x 7.8"" x 7.8"" Built Volume (Fully Enclosed Design for ABS/PLA/Flexible Material) || [Open Resin] XYZprinting Nobel 1.0 SLA 3D Printer (Included FREE Resin, FREE Printing Platform & Tank) || ROBO 3D R1 Fully Assembled 3D Printer, 8"" x 9"" x 10"" (Discontinued) || LulzBot TAZ 4 3D Printer || Printrbot Simple Kit with Aluminum Handle and Spool Rack 3D Printer Kit"
3d_filament,<a_228>,16,0.04145077720207254,25,0.64,"{'3d_filament': 16, 'other': 9}","XCSOURCE 3D Printer MK8 Extruder Aluminum Frame Block DIY Kit Reprap i3 All Metal BI090 || Kamo 5PCS 3D Printer 0.4mm Extruder Brass Nozzle Print Head for MK8 1.75mm ABS PLA Printer || Filabot TCBL1 Taulman Clear t-glase Filament, 1.75 mm, Black || Signstek 3D Printer MK2 MK3 Heated Bed Tempered Borosilicate Glass Plate 213x200x3mm || Anycubic All Metal Right Hand MK8 Extruder Aluminum Frame Block DIY Kit for Reprap i3 3D Printer || BIQU MK10 M7 0.4mm Extruder Brass Nozzle Print Head for Makerbot 2 RepRap 1.75mm Filament 3D Printer (Pack of 5pcs) || Signswise 5pcs Reprap 24V 40W Ceramic Cartridge Heater for 3D Printer Prusa Mendel || Taulman BRIDGE Filament, 1.75 mm, BLACK"
3d_filament,<a_38>,8,0.02072538860103627,14,0.5714285714285714,"{'3d_filament': 8, 'other': 6}","Foreasy 3D Printer Tool 3D Print Removal Tool Enhanced Version Set of 2 || Octave Tool Kit A for 3D Printer || Dremel Digilab 3D20 3D Printer, Idea Builder for Brand New Hobbyists and Tinkerers || Dremel Digilab 3D40 Award Winning 3D Printer, Idea Builder with semi automated leveling, print PLA at 100 micron resolution || Filabot ABS 3D Printing Smoothing Pen || TwoUp 3D Printer Kit 7"" x 7"" x 5"" Build Dimensions 50 Micron 1.75mm PLA Filament || UP! Mini Fully Assembled 3D Printer, 4.75"" x 4.75"" x 4.75"" Maximum Build Dimensions, 0.20-mm Maximum Resolution, 1.75-mm ABS, PLA || Foreasy 3D Printer Accessories 3D Print Removal Tool Shovel Tool"
3d_filament,<a_215>,6,0.015544041450777202,72,0.08333333333333333,"{'other': 41, 'gauge_meter': 20, '3d_filament': 6, 'test_strip': 2, 'ventilation_fan': 1}","American Labs BS-144P-200S-22-A 144 Blank Microscope Slides and 200 Cover Glass Pre Cleaned - 2 Packs Ground Edges || ELEGOO Stepstick Stepper Motor Driver Module A4988 + Heat Sink for 3D Printer Reprap, CNC Machine or Robotics(Pack of 5) || Longruner A4988 Stepstick Stepper Motor Driver Module + Heat Sink for 3d Printer Reprap (Pack of 5 Pcs) || Hobbypower A4988 StepStick Stepper Motor Driver Module + Heat Sink for 3D Printer Reprap (pack of 5 pcs) || HICTOP 5 Meters GT2 2mm pitch 6mm wide Timing Belt for 3D printer CNC || [3D CAM] 5 PCS DRV8825 StepStick Stepper Motor Drivers for 3D Printer Electronics, CNC Machine or Robotics"
3d_filament,<a_200>,6,0.015544041450777202,88,0.06818181818181818,"{'other': 50, 'gauge_meter': 17, '3d_filament': 6, 'tape': 5, 'adhesive_epoxy': 3}","ROBO 3D R1 Plus 10x9x8-Inch ABS/PLA 3D Printer, White (A1-0002-000) || Scotch Bi-Directional Filament Tape 8959 Transparent, 50 mm x 50 m (Pack of 1) || Printrbot Assembled Metal Simple 3D Printer, Black, PLA Filament, 1.75mm Ubis Hot End, 6"" x 6"" x 6"" Build Volume || Printrbot Metal Simple 3D Printer Kit, Black, PLA Filament, 1.75mm Ubis Hot End, 6"" x 6"" x 6"" Build Volume || New Matter MOD-t Desktop 3D Printer | Built-In WiFi, Easy to Use, Safe and Quiet || FlashForge Finder 3D Printers with Cloud, Wi-Fi, USB cable and Flash drive connectivity"
3d_filament,<a_72>,4,0.010362694300518135,29,0.13793103448275862,"{'other': 12, 'tape': 8, '3d_filament': 4, 'adhesive_epoxy': 4, 'ventilation_fan': 1}","Gizmo Dorks Kapton Tape for 3D Printers 6.25"" x 100' || Addicore 10 Pack Kapton Tape Sheets Polyimide 8"" X 11"" 0.06mm (2.4mil) Thick With Release Liner for 3D Printer || Gizmo Dorks Blue Painters Tape for 3D Printers 6.25"" x 100' || Airwolf 3D A09800 3D Printer Bed Adhesive for ABS PETG TPE and TPU, 2 oz."
3d_filament,<a_23>,4,0.010362694300518135,14,0.2857142857142857,"{'gauge_meter': 4, '3d_filament': 4, 'other': 3, 'connector_fitting': 2, 'fastener': 1}",OctagonStar Flexible Couplings 5mm to 8mm NEMA 17 Shaft for RepRap 3D Printer or CNC Machine2PCS || HICTOP 5PCS Aluminum Heater Block M6 Specialized for MK7 MK8 Makerbot Medel I3 3D Printer Extruder Hot End Heating Block || Kamo 5PCS Aluminum Heater Block M6 Specialized for MK7 MK8 Makerbot 3D Printer Extruder || BIQU Aluminum Heater Block Specialized for MK7 MK8 3D Printer Extruder(Pack of 5pcs)
3d_filament,<a_151>,4,0.010362694300518135,14,0.2857142857142857,"{'3d_filament': 4, 'other': 3, 'gauge_meter': 2, 'fastener': 2, 'tape': 2}",Signswise 5PCS Barrel M6 X 30 Teflon Nozzle Throat for MK8 Tube Makerbot 3D Printer Extruder Hot End || RIYIN T8 L300mm 8mm Lead 4 Start Lead Screw and Nut for 3D Printer Z Axis || Drillpro 400mm 8mm Lead Screw ACME Lead Screw and Nut for 3D Printer Z Axis || Kamo 5PCS Barrel M6 X 30 Nozzle Throat for MK8 Tube Makerbot 3D Printer Extruder Hot End
3d_filament,<a_102>,4,0.010362694300518135,6,0.6666666666666666,"{'3d_filament': 4, 'connector_fitting': 1, 'other': 1}",Endstop Microswitches for 3D Printer or CNC || HICTOP 5 Pieces 3D Printer Endstops/ Limit Switch/ Mechanical Switch for Reprap Prusa I3 || 5PCS Nema 17 Stepper Motor Bipolar 2A 84oz.in 48mm 4-lead for 3D Printer/CNC || iXCC Basic Series PLA 3D Printer Filament 1.75mm Diameter (Dimensional Accuracy +/- 0.05mm) - 1kg Spool (Approximately 2.2 lbs) [Red]
3d_filament,<a_29>,3,0.007772020725388601,30,0.1,"{'other': 26, '3d_filament': 3, 'gauge_meter': 1}","EISCO CH0688 Labs Clamp Retort, 3 PVC Coated Prongs (opens to 90mm in dia.) with Boss Head || Eisco Labs Mortar and Pestle, Porcelain, Lab Quality, 4"" Diameter, 5oz. Capacity - Textured Bowl with Spout || Eisco Labs Wood Test Tube Rack, 12 Tube Capacity, 7/8"" (22mm) Holes"
3d_filament,<a_85>,3,0.007772020725388601,29,0.10344827586206896,"{'other': 21, 'gauge_meter': 3, '3d_filament': 3, 'adhesive_epoxy': 1, 'ventilation_fan': 1}",BIQU GT2 20Teeth 5mm Bore Aluminum Timing Belt Idler Pulley for 3D Printer 6mm Width Timing Belt (Pack of 5pcs) || Mercurry GT2 Timing Belt Torsion Spring For 3D Printer 6mm Width Belt Pack of 10 || SCStyle 5 Meters GT2 2mm Pitch 6mm Wide Timing Belt for 3D Printer CNC
3d_filament,<a_232>,2,0.0051813471502590676,31,0.06451612903225806,"{'other': 20, 'gauge_meter': 6, 'connector_fitting': 3, '3d_filament': 2}","Inkbird ITC-1000 Dual Stage Digital Temperature Controller Fahrenheit  Celsius Thermostat with Sensor for 3D Printer,Freezer,Fridge,Hatching ect (12 Volt) || Inkbird ITC-1000 Dual Stage Digital Temperature Controller Fahrenheit  Celsius Thermostat with Sensor for 3D Printer,Freezer,Fridge,Hatching ect (110 Volt)"
3d_filament,<a_253>,2,0.0051813471502590676,33,0.06060606060606061,"{'other': 29, '3d_filament': 2, 'connector_fitting': 1, 'gauge_meter': 1}","AST Labs Test Lead Alligator Clip Heavy Duty to Alligator Clip Heavy Duty 39 || RioRand&trade; 10pcs 100K ohm NTC Thermistors for Reprap 3D printer, Mendel, Prusa"
3d_filament,<a_220>,2,0.0051813471502590676,53,0.03773584905660377,"{'other': 37, 'tape': 7, 'ventilation_fan': 4, '3d_filament': 2, 'adhesive_epoxy': 1}","6"" Cup Brush, Nylon Filament, 5/8""-11 Thread, 2500 max.RPM || Octave Kapton Tape for 3D Printer Platform 6"" x 100'"
3d_filament,<a_3>,2,0.0051813471502590676,13,0.15384615384615385,"{'other': 8, '3d_filament': 2, 'ventilation_fan': 1, 'connector_fitting': 1, 'tape': 1}","Hammond 1551KBK Black ABS Plastic Project Box -- Inches (3.15"" x 1.58"" x 0.79"") mm (80mm x 40mm x 20mm) || DIKAVS 4PCS 3D Printer Precision Nickel plating M6 Nozzle 0.2mm/0.3mm/0.4mm/0.5mm For 1.75MM MK8 Makerbot Ultimaker UM2 E3D"
3d_filament,<a_120>,2,0.0051813471502590676,22,0.09090909090909091,"{'other': 17, '3d_filament': 2, 'ventilation_fan': 1, 'gauge_meter': 1, 'adhesive_epoxy': 1}",Signswise 200x200mm 12V 220W Silicone Rubber Heating Heater for 3D Printer Heated Beds || Signswise 200x200mm 12v 150w Silicone Rubber Heating Heater for 3d Printer Heated Beds
gauge_meter,<a_160>,34,0.10059171597633136,82,0.4146341463414634,"{'fastener': 40, 'gauge_meter': 34, 'other': 8}","BOSTITCH BT1335B-1M 1-3/8-Inch 18-Gauge Brads, 1000 per Box || BOSTITCH BT1309B-1M 1-Inch 18-Gauge Brads, 1000 per Box || PORTER-CABLE (PBN18075-1) 18 Gauge Brad Nails, 3/4-Inch, 1000-Pack || BOSTITCH BT1309B 1-Inch 18-Gauge Brads, 3000 per Box || DEWALT DBN18063 Heavy Duty 5/8-Inch, 18 Gauge Brad Nails (5000-Pack) || DEWALT DBN18125 Heavy Duty 18 Gauge, 1-1/4-Inch Brad Nail (5000-Pack) || BOSTITCH BT1300B 5/8-Inch 18-Gauge Brad Nails, 3000 per Box || DEWALT DBN18200 Heavy Duty 18 Gauge, 2-Inch Brad Nail (5000-Pack)"
gauge_meter,<a_212>,29,0.08579881656804733,37,0.7837837837837838,"{'gauge_meter': 29, 'other': 8}","Anytime Tools Dial Caliper 6"" / 150mm DUAL Reading Scale METRIC SAE Standard INCH MM || Neiko 01409A Electronic Digital Caliper with Extra Large LCD Screen | 0 - 12 Inches | Inch/Fractions/Millimeter Conversion || Science Purchase 0604CAL6$ Stainless Steel Electronic LCD Digital Vernier Caliper Gauge Micrometer with Carrying Case, 6"", Silver || iGaging ABSOLUTE ORIGIN 0-6"" Digital Electronic Caliper - IP54 Protection/Extreme Accuracy || KR Tools 72018 Pro Series 6-Inch Digital Caliper || MLTOOLS Digital Caliper - Stainless Steel 6 inch / 150mm Inch / Metric Precision LCD Digital Caliper 68202 || Carrera Precision CP9806-TF Titanium 0-Inch to 6-Inch Electronic Fractional & Decimal Digital Caliper || Wixey WR100 6-Inch Digital Calipers with Fractions"
gauge_meter,<a_59>,26,0.07692307692307693,57,0.45614035087719296,"{'gauge_meter': 26, 'other': 23, 'connector_fitting': 8}","Loos Cableware ST2-4 Copper Crimping Stop Sleeve Set for 1/8"" Diameter Wire Rope (50 Piece) || Loos Cableware SL2-3P 50 Piece Zinc Plated Copper Crimping Sleeve Set for 3/32"" Diameter Wire Rope || Lucksender 100 Feet /30 Meter 1/4inch / 6mm I.D Polyolefin 2:1 Heat Shrink Tubing || Lucksender 100 Feet/30 Meter 1/8inch / 3mm I.D Polyolefin 2:1 Heat Shrink Tubing || Loos Cableware SL1-2 Aluminum Duplex Oval Crimping Sleeve Set for 1/16"" Diameter Wire Rope (50 Piece) || Loos Cableware AN100-C4 Stainless Steel Thimble for 3/32"" and 1/8"" Diameter Wire Rope (10 Piece) || Remington Industries 22UL1007STRBLA UL1007 22 AWG Gauge Stranded Hook-Up Wire, 300V, 0.0253"" Diameter, 100' Length, Black || Remington Industries 22UL1007STRRED UL1007 22 AWG Gauge Stranded Hook-Up Wire, 300V, 0.0253"" Diameter, 1"
gauge_meter,<a_128>,24,0.07100591715976332,31,0.7741935483870968,"{'gauge_meter': 24, 'other': 4, 'ventilation_fan': 2, '3d_filament': 1}","Etekcity Lasergrip 774 Non-contact Digital Laser Infrared Thermometer Temperature Gun -58~ 716 (-50 ~ 380), Yellow and Black || Masione Temperature Gun Non-contact Digital Laser Infrared Ir Thermometer -58&deg;f to 716&deg;f (-50 ~ 380) Instant-read Handheld,battery Included || AcuRite 00613 Humidity Monitor with Indoor Thermometer, Digital Hygrometer and Humidity Gauge Indicator || AcuRite 00613 Humidity Monitor with Indoor Thermometer, Digital Hygrometer and Humidity Gauge Indicator || Nubee Temperature Gun Non-contact Digital Laser Infrared IR Thermometer || Etekcity Lasergrip 1080 Non-Contact Digital Laser Infrared Thermometer Temperature Gun -58~1022 (-50550), Yellow and Black || Nubee Temperature Gun Non-contact Infrared Thermometer MAX Display & EMS Adjustable || Nubee Non-Contact D"
gauge_meter,<a_215>,20,0.05917159763313609,72,0.2777777777777778,"{'other': 41, 'gauge_meter': 20, '3d_filament': 6, 'test_strip': 2, 'ventilation_fan': 1}","Wixey WR300 Type 2 Digital Angle Gauge with Backlight&hellip; || GemRed 82413 Digital Protractor Angle Finder Gauge Inclinometer with Backlight and Magnetic Base IP65 || Fowler Full Warranty Stainless Steel Shockproof Dial Caliper, 52-008-706-0, 0-6"" Measuring Range, 0.001"" Graduation Interval, Face Color White || Dr.meter 30V/5A DC Bench Power Supply Single-Output 110V/220V Switchable with Alligator Clip included, US 3-prong Cable,PS305DM || Mitutoyo 500-196-30 Advanced Onsite Sensor (AOS) Absolute Scale Digital Caliper, 0 to 6""/0 to 150mm Measuring Range, 0.0005""/0.01mm Resolution, LCD || Mitutoyo 293-340 Digimatic Outside Micrometer, 0-1"" Range, 0.00005""/0.001mm Resolution, IP65, No Output, with Ratchet || Starrett 1202F-6 Dial Caliper, Stainless Steel, White Face, 0-6"" Range, -0.001"" A"
gauge_meter,<a_200>,17,0.05029585798816568,88,0.19318181818181818,"{'other': 50, 'gauge_meter': 17, '3d_filament': 6, 'tape': 5, 'adhesive_epoxy': 3}","W1 Tool Steel Round Rod, Polished Finish, Precision Ground, Annealed, 0.0625"" Diameter, 36"" Length || Eagle 1654 Yellow Blow-Molded HDPE Salvage Drum with Metal Ring Lever-Lock Lid, 20 gallon Capacity, 21"" Height, 21"" Diameter || B&C Eagle 9025 1-Inch Length x 1/4-Inch Narrow Crown x 18 Gauge Galvanized Finish Staples (5,000 per box) || 304 Stainless Steel Sheet, #4 Brushed Finish, Annealed, ASTM A240/ASME SA240, 0.048"" Thickness, 36"" Width, 36"" Length, 18 Gauge || B&C Eagle 9018 3/4-Inch Length x 1/4-Inch Narrow Crown x 18 Gauge Galvanized Finish Staples (5,000 per box) || 1018 Carbon Steel Round Rod, Unpolished (Mill) Finish, Cold Finished Temper, ASTM A108, 1.25"" Diameter, 12"" Length || O1 Tool Steel Round Rod, Annealed/Precision Ground, ASTM A681, 0.359375"" Diameter, 36"" Length || 3M F"
gauge_meter,<a_35>,17,0.05029585798816568,53,0.32075471698113206,"{'other': 35, 'gauge_meter': 17, 'connector_fitting': 1}","VXB UCP202-10 Ball Bearing Pillow Block, 2 Bolt Holes, Setscrew Locking Collar, 5/8"" Bore Diameter, Cast Iron, Inch || Acetal Copolymer Round Rod, Opaque Black, Standard Tolerance, ASTM D6778, 3"" Diameter, 6"" Length || UHMW (Ultra High Molecular Weight Polyethylene) Round Rod, Opaque Off-White, Standard Tolerance, ASTM D4020-01, 1"" Diameter, 48"" Length || 6061 Aluminum Round Rod, Unpolished (Mill) Finish, Extruded, T6511 Temper, ASTM B221, 2-1/4"" Diameter, 12"" Length || 6061 Aluminum Round Rod, Unpolished (Mill) Finish, Extruded, T6511 Temper, ASTM B221, 1/4"" Diameter, 60"" Length || 6061 Aluminum Round Rod, Unpolished (Mill) Finish, Extruded, T6511 Temper, ASTM B221, 0.5"" Diameter, 96"" Length || 6061 Aluminum Round Rod, Unpolished (Mill) Finish, Extruded, T6511 Temper, ASTM B221, 1-5/8"" Di"
gauge_meter,<a_229>,14,0.04142011834319527,19,0.7368421052631579,"{'gauge_meter': 14, 'other': 4, 'test_strip': 1}","1 X Hydrometer - Triple Scale || Magnum Media DUAL SCALE 0-32% Brix and 1.000-1.130SG Wort Refractometer RSG-100ATC Beer Home Brew || URBEST Digital PH Meter, Black || Triple Scale Hydrometer || Milwaukee Instruments MW102 PH and Temperature Meter || New Mini Digital Pen Type PH Meter PH-009 I Multimeter Tester Hydro || TDS Meter, Dr.meter TDS-3C Water Quality TDS Tester 0-9990 ppm Range 1 ppm Resolution +/- 2% Accuracy || Dr.Meter 0.01pH High Accuracy Pocket Size pH Meter with ATC Backlit 0-14 pH Measurement Range"
gauge_meter,<a_194>,14,0.04142011834319527,28,0.5,"{'gauge_meter': 14, 'other': 12, 'connector_fitting': 2}","Remington Industries 22SNSP 22 AWG Magnet Wire, Enameled Copper Wire, 1.0 lb, 0.0263"" Diameter, 507' Length, Red || PneumaticPlus PSL15-160 Pressure Gauge, Lower Mount, 1-1/2"" Dial, 0-160 PSI, 1/8"" NPT || Remington Industries 18SNSP Magnet Wire, Enameled Copper Wire, 18 AWG, 1.0 lb, 201' Length, 0.0415"" Diameter, Red || Bare Copper Wire, Bright, 14 AWG, 0.064"" Diameter, 80' Length (Pack of 1) || Bare Copper Wire, Bright, 10 AWG, 0.1"" Diameter, 32' Length (Pack of 1) || Bare Copper Wire, Bright, 12 AWG, 0.08"" Diameter, 50' Length (Pack of 1) || Remington Industries 28SNSP.25 28 AWG Magnet Wire, Enameled Copper Wire, 4 oz, 0.0135"" Diameter, 507' Length, Red || Remington Industries 36SNSP.25 36 AWG Magnet Wire, Enameled Copper Wire, 4 oz, 0.0055"" Diameter, 3193' Length, Natural"
gauge_meter,<a_195>,13,0.038461538461538464,29,0.4482758620689655,"{'other': 16, 'gauge_meter': 13}","B&K Precision 879B Dual Display Handheld Deluxe Universal LCR Meter with Backlit Display || Fluke 323 True-RMS Clamp Meter || Extech MA145 True RMS 300A AC/DC Clamp Meter || Yosoo GM328 Lcd Display Transistor Tester ESR Meter Cymometer Square Wave Generator || TS-836A Plug Power Meter Energy Voltage Amps Electricity Usage Monitor,Reduce Your Energy Costs || DROK 0.56"" 5 Digit Four Wires +/- 0-10.000A DC Digital Ammeter Panel Amps Gauge with Red Led Digital Display || Extech MA3018 True RMS 3000A AC Flex Clamp Meter || Uni-Trend UT202A Auto-ranging AC 600 Amp Clamp Meter"
gauge_meter,<a_31>,10,0.029585798816568046,27,0.37037037037037035,"{'other': 16, 'gauge_meter': 10, 'tape': 1}","Wixey WR300 Digital Angle Gauge || AccuRemote Digital Electronic Magnetic Angle Gage Level / Protractor / Bevel Gauge || Sun Company 201-F Lev-o-gage Inclinometer and Tilt Gauge || Stanley Proto J000AA 25 Blade Master Feeler Gauge Set || Brown & Sharpe 599-792-20 Audible Edge Finder, 3/8"" Shank x 0.200"" Head Diameter || Capri Tools 20005 Digital Angle Gauge || CTA Tools A311 25-Blade Extra Long Feeler Gauge || Wixey WR365 Digital Angle Gauge and Level"
gauge_meter,<a_42>,10,0.029585798816568046,20,0.5,"{'other': 10, 'gauge_meter': 10}","RADEX RD1503+ Safety PRO with Dosimeter: high accuracy geiger counter, radiation detector || Extech 480823 Extremely Low Frequency Electromagnetic Field Meter || Cell Sensor EMF Detection Meter || Neiko 20713A Digital Tachometer, Non Contact Laser Photo | 2.5 - 99,999 RPM Accuracy | Batteries Included || Leegoal Mini LED Display Digital Car Voltmeter 12V/24V Vehicle Voltage Gauge || The Ghost Meter EMF Sensor || DE-5000 Handheld LCR Meter with accessories || Parts Express Mini Digital Sound Level Meter"
gauge_meter,<a_234>,6,0.01775147928994083,55,0.10909090909090909,"{'other': 33, 'connector_fitting': 8, 'gauge_meter': 6, 'fastener': 5, 'tape': 2}","Stainless Steel Tumbling Media Pins - 0.047"" Diameter, 0.255"" Length (5 lb Pack) || 110 Copper Round Rod, Unpolished (Mill) Finish, H04 Temper, ASTM B187, 0.25"" Diameter, 24"" Length || Gino UF35B 5mm Inner Diameter Black Core Ferrite Cable Clip 10 Pcs || Yonisun Sound Dampening Door Bumpers, 1/2"" Diameter, Sheet of 100 || O1 Tool Steel Round Rod, Polished Finish, Precision Ground, Annealed, Metric, 4 mm Diameter, 36"" Length || Stainless Steel Tumbling Media Pins - 0.047"" Diameter, 0.255"" Length (2.5 lb Pack)"
gauge_meter,<a_168>,6,0.01775147928994083,21,0.2857142857142857,"{'other': 9, 'gauge_meter': 6, 'test_strip': 6}","Vintage Shop PW-COIA-QACH Hydrometer 12"" Test Jar with Removable Base || HYDROMETER - ALCOHOL, 0-200 PROOF and Tralle by Bellwether || Hydrometer test jar 10 "" plastic || 1 X Glass Hydrometer Test Jar || Pac-Kit by First Aid Only 21-770 Disposable Thermometer (Box of 10) || cnsdistributing 6809 Proof and Tralle or% Alcohol Hydrometer Alcoholmeter Spiritometer for Moonshine Still, Spirits, Distilled"
gauge_meter,<a_26>,6,0.01775147928994083,9,0.6666666666666666,"{'gauge_meter': 6, 'other': 3}","eSeasongear SALT-3050 Waterproof Tester, Digital Salinity PPM Temperature Meter for Salt Water Pool and Koi Fish Pond || E-Z Red S102 Anti-Freeze Hydrometer || Ade Advanced Optics Anti-F Fahrenheit ATC Glycol Antifreeze/Battery Fluid Refractometer || Ade Advanced Optics aaogabf100atc Fahrenheit ATC Glycol Antifreeze/battery Fluid Refractometer || Automatic Temperature Compensation 0-32% Brix Refractometer Beer Wine CNC Fruit by Ade Advanced Optics || HM Digital COM100 Waterproof EC/TDS And Temperature Combo Meter"
gauge_meter,<a_232>,6,0.01775147928994083,31,0.1935483870967742,"{'other': 20, 'gauge_meter': 6, 'connector_fitting': 3, '3d_filament': 2}","Signstek 3 1/2 6802 II Dual Channel Digital Thermometer -58&deg;F~1022&deg;F(-50~1300&deg;C) with 2 K-Type Thermocouple Sensor Probe || Uxcell a12080200ux0383 LCD Display Resettable Refrigerator Freezer Digital Thermometer || Uxcell a14062100ux0345 2PCS K Type 0-400C Temperature Sensor Thermocouple Probe 2 Meter 6.6Ft (Pack of 2) || Perfect-Prime TC41, 4-Channel K-Type Digital Thermometer Thermocouple Sensor -200~1372&deg;C/2501&deg;F || Chunshop WH5001 Celsius/Fahrenheit Digital Thermometer Temperature Meter Gauge C/F || Leaton Digital Thermocouple Thermometer Dual-channel LCD Backlight Temperature Meter Tester for K/J/T/E/R/S/N Great (Batteries included)"
gauge_meter,<a_126>,6,0.01775147928994083,48,0.125,"{'other': 36, 'gauge_meter': 6, 'tape': 4, 'connector_fitting': 1, 'ventilation_fan': 1}","HOODDEAL 50 PCS 3296 Fine-tune Multiturn Trimmer Potentiometers Kit 10 value Variable Resistor || Uxcell a15032300ux0532 Potentiometer Volume Control Knob Cap with 100 Piece, Knurled Shaft 6 mm Diameter || 10K Ohm potentiometer potential+black control Knob || uxcell 5 Pcs 500K ohm B500K Top Adjustment Single Linear Potentiometers || Saliency 3296 Potentiometer Assorted Kit Variable Resistor 12value 60pcs with adjuster || Electronics-Salon 100 to 1M ohm 3296 Multiturn Trimmer Potentiometers Kit"
gauge_meter,<a_114>,5,0.014792899408284023,30,0.16666666666666666,"{'other': 25, 'gauge_meter': 5}","CMS Magnets Powerful Rare Earth Neodymium Cup Magnet 249 LB Pull Power 0.59"" Thick x 2.36"" Diameter - 1 Ct. || Master Magnetics Magnetic Hook White Enamel Paint, 1"" Diameter, 1.5"" Total Height, 9 Pounds of Pull (Pack of 8), MHHH9X8 || 40 Pound Neodymium Magnetic Hooks, 1.25"" Diameter, 1.75"" Tall (Pack of 5) || CMS Magneitcs Ceramic Magnet Hook 1 1/4"" in Diameter with 18 LB Holding Power 6-Count || Master Magnetics Round Base Magnet Fastener with Knob,Chrome,1.43"" Diameter, 0.98"" Total Height with 1"" Diameter Knob/16 Pounds,(Box of 4), HMKR-45X4"
gauge_meter,<a_87>,4,0.011834319526627219,21,0.19047619047619047,"{'other': 15, 'gauge_meter': 4, 'adhesive_epoxy': 2}","Brush Research FLEX-HONE Cylinder Hone, GB Series, Silicon Carbide Abrasive, 3-1/4"" (83 mm) Diameter, 240 Grit Size || Norton Non-Woven Depressed Center Rapid Strip Wheel, 4-1/2"" Diameter, 5/8""-11 Arbor Hub, Grit Coarse (Pack of 1) || Brush Research FLEX-HONE Cylinder Hone, BC Series, Silicon Carbide Abrasive, 1-1/8"" (29 mm) Diameter, 320 Grit Size || Spot Nails 16132SS 2-Inch 16-Gauge Stainless Steel Finish Nail"
gauge_meter,<a_99>,4,0.011834319526627219,12,0.3333333333333333,"{'gauge_meter': 4, 'other': 4, 'fastener': 3, '3d_filament': 1}","GREX P6/MP-3 23 Gauge Multi-Pack Headless Pins (3,000 per box) || GREX P6/20L 23 Gauge 3/4-Inch Length Headless Pins (10,000 per box) || GREX P6/35L 23 Gauge 1-3/8-Inch Length Headless Pins (10,000 per box) || GREX P6/12L 23 Gauge 1/2-Inch Length Headless Pins (10,000 per box)"
tape,<a_69>,77,0.3548387096774194,78,0.9871794871794872,"{'tape': 77, '3d_filament': 1}","Scotch Foil Tape, 2-Inch by 50-Yard || Gorilla 6100101 Tape Handy Roll, 1-Pack, Black || Gorilla Tape, Black Duct Tape, 1.88"" x 35 yd, Black, (Pack of 1) || 3M Multi-Use Duct Tape, 2930-C, 1.88 Inches by 30 Yards || 3M Contractor Grade Pro Strength Duct Tape 3979 Silver, 1.88 in x 60 yd 8.0 mil, Individually Wrapped, Conveniently Packaged || Gorilla Crystal Clear Duct Tape, 1.88&rdquo; x 9 yd, Clear, (Pack of 1) || Duck Brand 442055 Wrap-Fix Repair Tape, 1-Inch by 10 Feet, Single Roll, Black || 3M Heavy Duty Duct Tape 3939 Silver, 48 mm x 54.8 m 9.0 mil, Conveniently Packaged (Pack of 3)"
tape,<a_179>,47,0.21658986175115208,48,0.9791666666666666,"{'tape': 47, '3d_filament': 1}","Gardner Bender 07315001126 LTB-400 Liquid Electrical Tape, Easy-on, Waterproof, Indoor/Outdoor Use, 4 Oz. Jar, Black, Bottle || Rescue Tape RT1000201202USCO || Morris 60202 Black Commercial Grade Vinyl Electrical Tape, 8.5 mil, 66' Length, 2"" Width || JVCC EL7566-AW Synthetic Rubber Electrical Tape, 3 in. x 66 ft. (72mm x 20m), Black || Duck Brand 299006 3/4-Inch by 60 Feet Utility Vinyl Electrical Tape with Single Roll, Black, 3/4 Inch x Economy || Scotch Super 33+ Vinyl Electrical Tape, 3/4 in x 66 ft || 3M 88 Electrical Tape, .75-Inch by 66-Foot by .0085-Inch || 3M Vinyl Tape 471 Blue, 3/4 in x 36 yd, Conveniently Packaged (Pack of 1)"
tape,<a_58>,23,0.10599078341013825,28,0.8214285714285714,"{'tape': 23, 'other': 4, 'ventilation_fan': 1}","3M Safety Stripe Tape 5702 Black/Yellow, 1 in x 36 yd 5.4 mil, Conveniently Packaged (Pack of 1) || Comfitwear PT-100 Caution Barricade Tape, Yellow || 3M 3431 Yellow Micro Prismatic Sheeting Reflective Tape, 3"" x 5 yd (1 Roll) || TapeCase 3432 1in X 5yd Red Reflective Tape (1 Roll) || TapeCase 3432 1in X 50yd Red Reflective Tape (1 Roll) || Empire Level 71-1001 1000-Feet by 3-Inch Caution Barricade Tape, Yellow || Intertape Polymer Group 600WP-300 Barricade Ribbon, 3-Inch x 300-Feet, Yellow/Black Wet Paint || TapeCase 3431 0.75in X 5yd Yellow Reflective Tape (1 Roll)"
tape,<a_222>,12,0.055299539170506916,25,0.48,"{'tape': 12, 'fastener': 8, 'other': 5}","Scotch Heavy Duty Shipping Packaging Tape, 3"" Core, 1.88"" x 54.6 Yards, 6-Rolls (3850-6) || Monoprice Hook & Loop Fastening Tape 5 yard/roll, 0.75-inch - Blue (105830) || Gear Aid Tenacious Tape Patches || A+ Grade Clear Carton Sealing Tape, 6 Rolls, 110 yd, 2.0 Mile(330') || Melca Double Sided Carpet Tape &ndash; 2.5 Inch Heavy Duty Rug Gripper Anti Slip Adhesive (30 Yards) || Duck Brand EZ Start Packing Tape With Dispenser, 1.88 Inch x 22.2 Yard, Clear, 1 Roll (393185) || Duck Brand Standard Packaging Tape Refill, 1.88 Inch x 54.6 Yard, Clear, 1 Roll (240408) || PARTYSAVING 36ROLLS 2"" X 110 Yards (330 ft) Clear Packing Shipping Storage Box Sealing Packaging Tape APL1256, 36 Rolls"
tape,<a_6>,10,0.04608294930875576,74,0.13513513513513514,"{'other': 46, 'tape': 10, 'adhesive_epoxy': 10, 'gauge_meter': 4, 'ventilation_fan': 2}","LASCO 11-1033 PTFE Pipe Sealant Tape, 1/2-Inch x 100-Inch, White || Mill-Rose 70887 Blue Monster PTFE Pipe Thread Sealant Tape, 1-Inch x 1429-Inches, Blue || LASCO 13-1615 Plastic Perforated Plumbers Tape, 3/4-Inch X 10-Feet || Millrose 70660 Monster Roll PTFE Thread Seal Tape, 1/2-Inch x 260-Inch, Blue || Dixon Valve TTA75 PTFE Industrial Sealant Tape, 260-inch, White || Everflow 811-5 PTFE Thread Seal Tape for Plumbers, White 1/2 Inch x 520 Inch (Pack of 5 Rolls) || Wire Harness Easy-Wrap PVC Tape, 0.75"" Width, 60' Length, 0.005"" Thick, Black || 2 PACK- Milrose 70885 Blue Monster 1/2"" x 1429' Blue Teflon Tape"
tape,<a_72>,8,0.03686635944700461,29,0.27586206896551724,"{'other': 12, 'tape': 8, '3d_filament': 4, 'adhesive_epoxy': 4, 'ventilation_fan': 1}","3M High Temperature Flue Tape, 15-Foot Roll || Nashua Stretch & Seal Self-Fusing Silicone Tape || Emergency Repair Tape, Self-Fusing Silicone Tape, 12' x 1"", Red || Heatshield Products 340410 Thermaflect Tape 4"" Wide x 10' Heat Shield Tape || CS Hyde High Temperature Fiberglass Tape With Silicone Adhesive, Ivory 1/2 inch x 36 yards || Times Microwave Professional Weatherproof Self-Bonding Silicone Sealing Tape for Coax Connectors / Antennas (1.5"" x 15') || Foxnovo High Temperature Heat Resistant Tape Polyimide Film Adhesive Tape (30mm33m) || High Temperature Tape 1/2"" Wide, Kapton No Residue Heat Tape for Sublimation and Heat Transfe"
tape,<a_220>,7,0.03225806451612903,53,0.1320754716981132,"{'other': 37, 'tape': 7, 'ventilation_fan': 4, '3d_filament': 2, 'adhesive_epoxy': 1}","High Temperature Heat Resistant Tape Sublimation Tape Koptan Tape 2 Rolls 10mm X 33m 100ft || Strenco 1"" Self Adhesive Black Hook and Loop 5 yards Sticky Back Tape Fastener 15 feet - Light Weight || XFasten Double Sided Tape Carpet Tape, Removable, 2 Inches x 20 Yards || Heat High Temperature Resistant Adhesive Gold Tape for Electric Task 30m 12mm || GT-5000 (6 Strips) Grip Tape for guns, cell phones, cameras, knives, tools - makes anything ""Grippy || XFasten Anti Slip Tape, 4-Inch by 15-Foot Pet-Safe, Hypo-Allergenic, Weather proof and Non Skid Indoor and Outdoor Safety Track Tape || XFasten Reflective Tape, Red & White, 2 Inches by 5 Yards"
tape,<a_200>,5,0.02304147465437788,88,0.056818181818181816,"{'other': 50, 'gauge_meter': 17, '3d_filament': 6, 'tape': 5, 'adhesive_epoxy': 3}","3M Scotch 2120-A Tough Transparent Duct Tape, 1.8-Inch, 20 yds || 3M All Weather Flashing Tape 8067 Tan, 6 in x 75 ft Slit Liner (Pack of 1) || TapeCase Home Tape Kit || TapeCase College Dorm Tape Kit || TapeCase Art Tape Kit"
tape,<a_83>,4,0.018433179723502304,5,0.8,"{'tape': 4, 'metadata_placeholder': 1}","Rothco Duct Tape || Hosa GFT-450BK BULK 3"" x 180' Gaffer Tape, Black || Allstar Performance ALL14261 White 4"" x 165' Gaffer's Tape || FastCap T20034 134; x 5039; Speed Tape"
tape,<a_126>,4,0.018433179723502304,48,0.08333333333333333,"{'other': 36, 'gauge_meter': 6, 'tape': 4, 'connector_fitting': 1, 'ventilation_fan': 1}","Uxcell a13061400ux0444 B10K 10K Ohm Adjustment Single Linear Rotary Taper Potentiometer 5 Pieces || Uxcell a13060500ux0042 3 Pins Split Shaft Rotary Linear Taper Potentiometers with Knob, 10 Kohm, 10 Piece, 6 mm || Uxcell a15011600ux0239 2 Sets 1K 2K 5K 10K Ohm Linear Taper Rotary Potentiometer Pot || Uxcell a15011600ux0214 5 Piece 5K Ohm Linear Taper Rotary Potentiometer, 5KB B5K Pot"
tape,<a_15>,2,0.009216589861751152,14,0.14285714285714285,"{'adhesive_epoxy': 6, 'other': 5, 'tape': 2, 'fastener': 1}","GT-5000 (3 strips) Grip Tape for guns, cell phones, cameras, knives, tools - makes anything""Grippy"". || Du-Bro 916 Electric Flyer Hinge Tape (1 roll, 15 ft)"
tape,<a_234>,2,0.009216589861751152,55,0.03636363636363636,"{'other': 33, 'connector_fitting': 8, 'gauge_meter': 6, 'fastener': 5, 'tape': 2}","Heat Shrink Tape Black 180 foot || Atoplee 1pc MT2 Live Center Morse Taper Triple Bearing 2 Mt .0002"" for High Speed Turning, CNC Work"
tape,<a_175>,2,0.009216589861751152,62,0.03225806451612903,"{'other': 40, 'adhesive_epoxy': 18, 'ventilation_fan': 2, 'tape': 2}","Colormetrics Gray Putty Tape / Butyl Tape 1/8"" x 1"" x 30' (Single Roll) || Colorimetrics Gray Putty Tape / Butyl Tape 1/8"" x 1"" x 30' (2-Pack)"
tape,<a_151>,2,0.009216589861751152,14,0.14285714285714285,"{'3d_filament': 4, 'other': 3, 'gauge_meter': 2, 'fastener': 2, 'tape': 2}","Hanson 1903ZR Tap 1/4""-18Npt Taper, for Tap Die Extraction || Set 3 taps 1/2-28 UNEF Taper, Plug and Bottom three Taps"
tape,<a_140>,1,0.004608294930875576,38,0.02631578947368421,"{'other': 22, 'ventilation_fan': 10, 'gauge_meter': 4, 'tape': 1, 'fastener': 1}","Rubbermaid Commercial Sanded Wood Handle with TapeRed Tip, 60-Inch Length, Natural (FG636200NAT)"
tape,<a_141>,1,0.004608294930875576,37,0.02702702702702703,"{'other': 30, 'gauge_meter': 4, 'fastener': 2, 'tape': 1}",HHIP 1012-2528 1/4-28NF H3 4 Flute HSS Taper Hand Tap
tape,<a_74>,1,0.004608294930875576,26,0.038461538461538464,"{'other': 22, 'adhesive_epoxy': 2, 'tape': 1, 'ventilation_fan': 1}","Dicor BT-1834-1 1/8"" x 3/4"" x 30' Butyl Seal Tape"
tape,<a_156>,1,0.004608294930875576,47,0.02127659574468085,"{'fastener': 31, 'other': 11, 'gauge_meter': 4, 'tape': 1}",GAVAN M14 x 1.5 Metric Taper and Plug Tap 14mm
tape,<a_237>,1,0.004608294930875576,73,0.0136986301369863,"{'adhesive_epoxy': 63, 'other': 5, 'fastener': 4, 'tape': 1}",Pro Taper Grip Glue Adhesive Compound Bottle 1 OZ
tape,<a_242>,1,0.004608294930875576,25,0.04,"{'other': 22, 'gauge_meter': 2, 'tape': 1}",Dremel Tungsten Cutter Taper DRE9934
connector_fitting,<a_105>,49,0.17883211678832117,51,0.9607843137254902,"{'connector_fitting': 49, 'gauge_meter': 1, 'other': 1}","Wago Wire Connector 600 V Clear 4 Conductor 100 / Box || Yueton 100pcs Female Fully Insulated Wire Crimp Terminal Nylon Quick Connectors Wiring Spade || Gardner Bender 10-106 50PK Ring Terminal, Yellow || Install Bay Vinyl Terminal Ring Connector 10/12 Gauge 3/8 Inch 100 Pack Yellow - YVRT38 || Install Bay Copper Ring Terminal 4 Gauge #516 25 Pack - CUR4516 || Install Bay CC2218 Crimp Cap Nylon Connector 22/18 Gauge (100-Pack) || WAGO 222-413 LEVER-NUTS 3 Conductor Compact Connectors || Install Bay Copper Ring Terminal 2 Gauge 5/16 Inch 10 Pack - CUR2516"
connector_fitting,<a_144>,43,0.15693430656934307,43,1.0,{'connector_fitting': 43},"Anderson Metals Brass Tube Fitting, Half-Union, 3/8"" Flare x 1/8"" Male Pipe || Dixon BCN100 Brass Fitting, Hex Nipple, 1"" NPT Male || Stainless Steel 304/304L Pipe Fitting, Nipple, Schedule 40 Welded, 4"" X 6"" NPT Male by Merit Brass || Stainless Steel 316 Cast Pipe Fitting, Union, Class 150, 1/8"" NPT Female || Anderson Metals Brass Tube Fitting, Union, 3/8"" x 3/8"" Flare || Anderson Metals 06130 Brass Pipe Fitting, 90 Degree Barstock Elbow, 1/4"" NPT Male x 1/4"" NPT Male Pipe || Anderson Metals 38116 Red Brass Pipe Fitting, 90 Degree Street Elbow, 3/4"" Female x 3/4"" Male || Anderson Metals Brass Threaded Pipe Fitting, Hex Bushing, 3/4"" Male x 1/2"" Female"
connector_fitting,<a_125>,33,0.12043795620437957,38,0.868421052631579,"{'connector_fitting': 33, 'other': 3, '3d_filament': 1, 'gauge_meter': 1}","Uxcell a11060700ux0191 RG6 F-Type Coax Coaxial Cable RF Connector Male (Pack of 5) || American Terminal E-FFR250N-100 22/18-Gauge Economy Nylon Fully-Insulated Female Quick Disconnects || HOODDEAL 50pcs Waterproof Solder Seal Heat Shrink Butt Connectors with Soldering Sleeve || American Terminal E-FFB250N-100 16/14-Gauge Economy Nylon Fully-Insulated Female Quick Disconnects || American Terminal E-FMB250N-100 16/14-Gauge Economy Nylon Fully-Insulated Male Quick Disconnects || Gardner Bender 19-001 WireGard Screw-On Wire Connectors, 22-16 AWG, Electrical Wire Nut, 14 pk, Grey || Ginsco 110pcs Female Yellow 12-10 Gauge Nylon Fully-Insulated Quick Disconnects Wiring Spade Wire Connector Crimp Terminal || Water & Wood 100pcs Insulated Heat Shrink Butt Wire Electrical Crimp Terminal Connector 1"
connector_fitting,<a_129>,26,0.0948905109489051,29,0.896551724137931,"{'connector_fitting': 26, 'other': 2, 'gauge_meter': 1}","ColorConnex Coupler & Plug Kit (7 Piece), Industrial Type D, 1/4 in. NPT, Red - A73457D || Anderson Metals Brass Hose Fitting, Connector, 5/16"" Barb x 3/8"" Male Pipe || Anderson Metals Brass Hose Fitting, Connector, 3/4"" Barb x 3/4"" Male Pipe || Tru-Flate 21-143 1/4"" NPT Male Fitting x 3/8"" ID Hose Barb Type Fitting || Eaton Weatherhead 3700X4 Brass CA360 Fitting, Tee, 1/4""NPT Female || Anderson Metals Brass Garden Hose Swivel Fitting, Connector, 1/2"" Barb x 3/4"" Female Hose || Anderson Metals 57001-0402 Brass Hose Fitting, Adapter, 1/4"" Barb x 1/8"" NPT Male Pipe || Anderson Metals Brass Hose Fitting, 90 Degree Elbow, 3/8"" Barb x 1/2"" Male Pipe"
connector_fitting,<a_167>,23,0.08394160583941605,26,0.8846153846153846,"{'connector_fitting': 23, 'other': 3}","uxcell 5 Pcs Dual Row 4 Position Covered Screw Terminal Strip 600V 25A || 520 Piece Electrical Terminal Assortment with Storage Box || Uxcell a10073000ux0031 2 Pcs 8 Position Double Row Screw Terminal Covered Barrier Strip 600V 25A || 5 Pcs Dual Row 5 Position Screw Terminal Strip 600V 15A || URBEST(R)400V 10A 8 Postions Pre Insulated Terminal Barrier Strip Red /Black 4 Pcs || Uxcell a11042100ux0278 5 x 3 Terminals Poles PCB Screw Terminal Block Connector, 300V 16A || uxcell 2 Pcs 12 Position Covered Barrier Screw Terminal Block 600V 15A || Gardner Bender 10-145F 12-10 Female Terminal, 100 Pack, Yellow AWG"
connector_fitting,<a_154>,21,0.07664233576642336,34,0.6176470588235294,"{'connector_fitting': 21, 'other': 10, 'ventilation_fan': 2, 'gauge_meter': 1}","Neiko 50463A SAE Hydraulic Grease Fitting Kit, 110 Piece | Straight and Angled | 1/4"", 1/8 || Camco 4ft TastePURE Drinking Water Hose - Lead and BPA Free, Reinforced for Maximum Kink Resistance,  1/2""Inner Diameter (22763) || Spears 1407 Series PVC Tube Fitting, 90 Degree Elbow, Schedule 40, Gray, 1-1/4"" Barbed x NPT Female || Thogus Polyethylene Tube Fitting, 90 Degree Elbow, Black, 3/8"" Barbed (Pack of 10) || Thogus Polyethylene Tube Fitting, Coupler, Black, 3/16"" Barbed (Pack of 10) || PRO 1 Fuel Line Hose 1/4 Inch Inside Diameter X 25 Feet Length NRB/PVCC SAE30R6 || Loc-Line Coolant Hose Component, Acetal Copolymer, 90 Degree Nozzle, 1/8"" Diameter, 1/4"" Hose ID (Pack of 4) || PRO 1 Fuel Line Hose 5/16 Inch Inside Diameter X 25 Feet Length NRB/PVCC SAE30R6"
connector_fitting,<a_197>,11,0.040145985401459854,27,0.4074074074074074,"{'other': 15, 'connector_fitting': 11, 'gauge_meter': 1}","Precision Brand M6S Micro Seal, Miniature All Stainless Worm Gear Hose Clamp, 5/16"" - 7/8"" (Pack of 10) || Koehler Enterprises KE20BX 10 Piece Hose Clamp Box (Size SAE 20) || uxcell Adjustable 9mm-16mm Metal Worm Gear Hose Clamps 20 Pcs || VORCOOL 60pcs 7mm, 10mm, 11mm, 14mm, 16mm, 17mm Spring Clips Fuel Hose Line Water Pipe Air Tube Clamps Fasteners || Precision Brand B24HS All Stainless Worm Gear Hose Clamp, 1-1/16"" - 2"" (Pack of 10) || Lifegard Aquatics 1/2-Inch Bulkhead Fitting Kit || Big Horn 11726PK 2-1/2-Inch Key Hose Clamp (2 Packs of 5) || Ansen Tools AN 112 Hose Clamp Assortment, 40 Piece"
connector_fitting,<a_59>,8,0.029197080291970802,57,0.14035087719298245,"{'gauge_meter': 26, 'other': 23, 'connector_fitting': 8}","Arlington LPCG50-1 Low-Profile Strain Relief Cord Connector, 1/2 Inch || Storehouse 67520 158 Pc Wire Connector Assortment || Ginsco 200pcs 3 Size Heat Shrink Butt Connectors Kit Electrical Insulated Wire Terminal 10-22 AWG Set || Forney 54825 Connector, Heat Shrink, 10-12 AWG || Temco Terminal Lug Tinned Copper Uninsulated Gauge AWG || Temco 10 Lot 4 AWG 5/16 Hole Ring Terminal Lug Bare Copper Uninsulated Gauge || Ancor Heat Shrink Ring Terminals || Ancor Heat Shrink Ring Terminals"
connector_fitting,<a_234>,8,0.029197080291970802,55,0.14545454545454545,"{'other': 33, 'connector_fitting': 8, 'gauge_meter': 6, 'fastener': 5, 'tape': 2}","100pcs Solder Seal Wire Connectors, Sopoby Heat Shrink Butt Connectors, Waterproof Marine Automotive Electrical Terminals Insulated (35Red 30Blue 25White 10Yellow) || 270 PCS Heat Shrink Wire Connector Kit Electrical Insulated Crimp Marine Automotive Terminals Set || Eaton Weatherhead 3750X4 Brass CA360 Fitting, Street Tee, 1/4""NPT Female x NPT Male x NPT Female || SOLOOP 300Pcs Mixed Assorted Crimp Terminal Sleeve Kit Insulated Wires Connectors Set || InstallGear 1/0 AWG Gauge Gold Ring Set Screw Battery Ring Terminals (4 Pack) || 100pcs Insulated Heat Shrink Waterproof Butt Connectors Wire electrical 22-10GA || 1/2"" Male Hose Barb Adapters Stainless Steel NPT 0.5 || SOLOOP 100PCS Quick Splice Wire Terminals&Male Spade Wire Connectors Set"
connector_fitting,<a_57>,7,0.025547445255474453,42,0.16666666666666666,"{'other': 32, 'connector_fitting': 7, 'gauge_meter': 2, 'fastener': 1}","Gardner Bender GSW-17  Electrical Toggle Switch, SPST, ON-OFF, 6 A/120V AC,  Screw Terminal || Gardner Bender GSW-16  Heavy-Duty Electrical Toggle Switch, DPDT, ON-(OFF)-ON, 20 A/125V AC, Screw Terminal || Gardner Bender GSW-111  Electrical Long Bat Handle Toggle Switch, SPST, ON-OFF, 20 A/125V AC,  Screw Terminal || uxcell DPDT ON/ON 2 Positions 6 Screw Terminal Toggle Switch AC 250V 15A || Gardner Bender GSW-42  Electrical Appliance Rocker Switch, SPST, ON-OFF, 16 A/125V AC, Spade Terminal,  Red Illuminated || Gardner Bender GSW-69 Electrical Rotary Switch, SPST, ON-OFF, 6 A/125V AC, 6 inch Wire Terminal, Black Plastic || uxcell 660V 20A 6 Terminals 4 Positions Rotary Cam Changeover Switch"
connector_fitting,<a_92>,5,0.01824817518248175,29,0.1724137931034483,"{'other': 14, 'fastener': 8, 'connector_fitting': 5, 'gauge_meter': 2}","Pro Tie 33201 SAE Size 6 Range 7/16-Inch-11/16-Inch Mini All Stainless Hose Clamp, 10-Pack || Pro Tie 33101 SAE Size 12 Range 5/8-Inch-1-1/4-Inch SS Turn Key All Stainless Hose Clamp, 10-Pack || Cambridge Hose Clamps SAE Size 16, 10 Pcs. || Pro Tie 33506 SAE Size 044 Range 2-5/16-Inch-3-1/4-Inch Heavy Duty All Stainless Hose Clamp, 4-Pack || 4"" to 2-1/2"" - Y - DUST COLLECTION HOSE FITTING By Peachtree Woodworking - PW416"
connector_fitting,<a_65>,5,0.01824817518248175,27,0.18518518518518517,"{'other': 18, 'connector_fitting': 5, '3d_filament': 2, 'gauge_meter': 1, 'fastener': 1}","Uxcell a12041700ux0257 6"" SMA Male to SMA Right Angle Male Connector Jumper Pigtail Cable RG316 || Diageng 10pcs Phono RCA Male Plug a AV Tornillo Terminal Plug Conector || TP-LINKTL-ANT24EC5S 5m/16ft Antenna Extension Cable, RP-SMA Male to Female connector || Uxcell a11053100ux0301 Female RF Coaxial Connector Straight (Pack of 5) || DHT Electronics 2PCS RF coaxial cable UHF female SO239 to MCX male right angle connector RG316 20CM"
connector_fitting,<a_176>,5,0.01824817518248175,40,0.125,"{'other': 34, 'connector_fitting': 5, 'tape': 1}","Uxcell a11102000ux0369 2N3904 Through Hole Three Terminal NPN Transistors, 20 Piece || OCR 2.54mm Pitch Dual Row DIP IC Sockets Solder Type Adaptor Set 6,8,14,16,18,24,28,40 Pin Electronic Components Socket Adapter Connector 100pcs || Hilitchi 635 Pcs 40 Pin 2.54mm Pitch Single Row Pin Headers,Dupont Connector Housing Female,Dupont Male/Female Pin Connector Kit || uxcell 5 Pcs Common Cathode 12 Terminals 4 Bit 7 Segment 0.36"" Red LED Display Digital Tube || Uxcell a14081900ux0592 50 x Single Row 40Pin 2.54 mm Male Pin Header Connector"
connector_fitting,<a_13>,3,0.010948905109489052,30,0.1,"{'other': 27, 'connector_fitting': 3}","Shop-Vac 9050300 2.5-Inch by 8-Foot Hose || Shop-Vac 8018200 2.5-Inch Deluxe Pick-Up Accessory Kit Multifunction Conversion Set with Nozzles, Wands, Hoses & Tools || Shop-Vac 1.25 inch Diameter Locking Hose Kit"
connector_fitting,<a_232>,3,0.010948905109489052,31,0.0967741935483871,"{'other': 20, 'gauge_meter': 6, 'connector_fitting': 3, '3d_filament': 2}","Uxcell a13041900ux0031 5 Piece Yellow Plastic Case SMPW-K-M K Type Thermocouple Wire Connector || Uxcell a09022500ux0047 RS232 to RS485 Communication Data Converter Adapter with a Terminal Board, 2.9"" Width, 5.6"" Length || uxcell DMiotech Pair 1000V Banana Connector Multimeter Probe Test Lead Cable 0.6M"
connector_fitting,<a_88>,3,0.010948905109489052,19,0.15789473684210525,"{'other': 14, 'connector_fitting': 3, 'fastener': 1, 'ventilation_fan': 1}","Uxcell a13052700ux0220 6mm to 8mm Bore Rigid Copper Motor Coupling Coupler W Tight Screws, Rubber || Uxcell a13052700ux0257 6mm to 8mm CNC Stepper Motor Shaft Coupling Coupler for Encoder || Uxcell a13052700ux0259 6.35mm to 6.35mm CNC Stepper Motor Shaft Coupling Coupler for Encoder"
connector_fitting,<a_166>,3,0.010948905109489052,14,0.21428571428571427,"{'other': 10, 'connector_fitting': 3, 'gauge_meter': 1}","Rubbermaid Commercial Stock Tank Drain Plug Kit, FG505012 || Super Siphon w/ 6' Siphon Hose || Dap 09114 Xhose 50-Feet Incredible Expanding Hose"
connector_fitting,<a_200>,2,0.0072992700729927005,88,0.022727272727272728,"{'other': 50, 'gauge_meter': 17, '3d_filament': 6, 'tape': 5, 'adhesive_epoxy': 3}","Spears 497 Series PVC Pipe Fitting, Union with EPDM O-Ring, Schedule 40, 1"" Socket || SMC KQ2S04-M5A Brass Push-to-Connect Tube Fitting, Hex Socket Head Adapter, 4 mm Tube OD x M5x0.8 Male"
connector_fitting,<a_194>,2,0.0072992700729927005,28,0.07142857142857142,"{'gauge_meter': 14, 'other': 12, 'connector_fitting': 2}","HBD Thermoid NBR/PVC SAE30R6 Fuel Line Hose, 3/8"" x 25' Length, 0.375"" ID, Black || HBD Thermoid NBR/PVC SAE30R7 Premium Fuel Line Hose, 5/16"" x 25' Length, 0.3125"" ID, Black"
connector_fitting,<a_23>,2,0.0072992700729927005,14,0.14285714285714285,"{'gauge_meter': 4, '3d_filament': 4, 'other': 3, 'connector_fitting': 2, 'fastener': 1}","Coilhose Pneumatics 150 1/4-Inch Body Size, Coilflow Industrial Interchange Coupler, 1/4-Inch NPT, Female || Weldless Bulkhead Fitting"
adhesive_epoxy,<a_237>,63,0.504,73,0.863013698630137,"{'adhesive_epoxy': 63, 'other': 5, 'fastener': 4, 'tape': 1}","Hot Stuff Super T Medium Instant CA Glue, 2oz HST-4 || Gorilla 2 Part Epoxy, 5 Minute Set, .85 ounce Syringe, Clear || Loctite Ultra Gel Control Super Glue 4-Gram (1363589) || Super Glue 15187 Super Glue, 12-Pack || Gorilla Original Gorilla Glue, Waterproof Polyurethane Glue, 8 ounce Bottle, Brown || Loctite 2-In-1 All Purpose Adhesive Caulk, 10 Ounce Cartridge, Clear (1936462) || Gorilla Super Glue Gel, 15 Gram, Clear || BSI BSI-202 Quick-Cure 5Min Epoxy Bob Smith Ind, 9 oz."
adhesive_epoxy,<a_175>,18,0.144,62,0.2903225806451613,"{'other': 40, 'adhesive_epoxy': 18, 'ventilation_fan': 2, 'tape': 2}","Permatex 80050 Clear RTV Silicone Adhesive Sealant, 3 oz || RH Adhesives HH-66 Industrial Strength Vinyl Cement Glue with Brush, 8 oz, Clear || Rectorseal 97606 4-Ounce Ep-400 Epoxy Putty || J-B Weld 31314 Red High Temperature RTV Silicone Gasket Maker and Sealant - 3 oz. || Dap 00688 All-Purpose Adhesive Sealant, 100% Silicone, 2.8-Ounce Tube || Dap 18546 Kwik Seal Plus Kitchen and Bath All-Purpose Adhesive Caulk Clear, 5.5-Ounce || GORILLA PVC R08000 Pvc Glue 8 OZ, Clear || Amazing GOOP 165012 RV Adhesive 3.7 fl. oz."
adhesive_epoxy,<a_172>,10,0.08,30,0.3333333333333333,"{'other': 19, 'adhesive_epoxy': 10, '3d_filament': 1}","3M Vetbond Tissue Adhesive, 3ml Bottles w/MSDS || Devcon 31345 2 Ton Clear Epoxy, 25 ml || 2-P10KIT Available 2-P10 Adhesive Kit, Clear || Shoe GOO&reg; Adhesive, 3.7 fl oz || Devcon 35345 2 Ton Clear Epoxy - 0.5 oz. 2-Part Tube || Devcon Epoxy, 2 Ton Epoxy, 4.25 Ounce each, 2 Bottles || Bob Smith 206 Slow-Cure 9oz Epoxy || Shoe GOO&reg; Adhesive, 3.7 fl oz"
adhesive_epoxy,<a_6>,10,0.08,74,0.13513513513513514,"{'other': 46, 'tape': 10, 'adhesive_epoxy': 10, 'gauge_meter': 4, 'ventilation_fan': 2}","Ancor Marine Grade Electrical Heat Activated Adhesive Lined Shrink Tubing || Uxcell Dual-Wall 3:1 Adhesive Lined Heat Shrink Tubing Sleeving, 4', 3/4 || Poron Polyurethane Open-Cell Foam Sheet, Medium Firmness, Adhesive Backing, Black, 0.250"" Thickness, 12"" Width, 12"" Length || TEMCo 3/8"" Marine Heat Shrink Tube 3:1 Adhesive Glue Lined 4 ft RED || TEMCo 1/2"" Marine Heat Shrink Tube 3:1 Adhesive Glue Lined 4 ft RED || TEMCo 3/4"" Marine Heat Shrink Tube 3:1 Adhesive Glue Lined 4 ft RED || TEMCo 1"" Marine Heat Shrink Tube 3:1 Adhesive Glue Lined 4 ft RED || TEMCo 1"" Marine Heat Shrink Tube 3:1 Adhesive Glue Lined 4 ft BLACK"
adhesive_epoxy,<a_15>,6,0.048,14,0.42857142857142855,"{'adhesive_epoxy': 6, 'other': 5, 'tape': 2, 'fastener': 1}","IIT 90690 Super Glue, 3 Grams Each, 5-Pack || Gorilla Heavy Duty Construction Adhesive, 2.5 ounce Squeeze Tube, White || Master Magnetics Magnet Sheet, Flexible Magnet Sheet with Adhesive, 12"" Wide, 24"" Long, 08504 || 3M 03142 5"" Backed Adhesive Disc Pad || Barge All-Purpose TF Cement Rubber, leather, Wood, Glass, Metal Glue 2 oz || Glue Dots Micro Dot Roll, 325 Clear Dots"
adhesive_epoxy,<a_72>,4,0.032,29,0.13793103448275862,"{'other': 12, 'tape': 8, '3d_filament': 4, 'adhesive_epoxy': 4, 'ventilation_fan': 1}","Low Cost, Low Volume Resist., Electrically Conductive Silver Epoxy Adhesive, AA-DUCT 906 , 2.5gm kit || Arctic Silver Arctic Alumina Thermal Adhesive 5 Gram 3.5cc RoHS Compliant Two Tube Set with Mixing Wand || Arctic Silver 7g Premium Silver Thermal Cooling Adhesive Set (ASTA-7G) || MG Chemicals 8329TCM Thermal Conductive Adhesive, Medium Cure, 14 g, 2 Dispeners"
adhesive_epoxy,<a_200>,3,0.024,88,0.03409090909090909,"{'other': 50, 'gauge_meter': 17, '3d_filament': 6, 'tape': 5, 'adhesive_epoxy': 3}","RapidFix Dual Adhesive System, 25 mL,Boss Products USA,RFX7121100,RFX7121101"" /> || Gorilla Glue Adhesive, 2-Ounces #50001 || RapidFix UV Liquid Plastic Adhesive with UV Flashlight, 10 mL"
adhesive_epoxy,<a_87>,2,0.016,21,0.09523809523809523,"{'other': 15, 'gauge_meter': 4, 'adhesive_epoxy': 2}",PORTER-CABLE 740000801 4 1/2-Inch x 10yd 80 Grit Adhesive-Backed Sanding Roll || PORTER-CABLE 740001201 4 1/2-Inch by 10yd 120 Grit Adhesive-Backed Sanding Roll
adhesive_epoxy,<a_163>,2,0.016,12,0.16666666666666666,"{'other': 10, 'adhesive_epoxy': 2}","Gorilla 7500101 07221000673 Glue Brush & Nozzle, 1-Pack, Clear || Rockler Silicone Mini Glue Brush, 2-Pack"
adhesive_epoxy,<a_74>,2,0.016,26,0.07692307692307693,"{'other': 22, 'adhesive_epoxy': 2, 'tape': 1, 'ventilation_fan': 1}","Blue Magic 16002TRI QuikSteel Steel Reinforced Epoxy Putty Repair, Blister Pack - 2 oz. || Loctite 1515861 Polyseamseal Tub and Tile Adhesive Caulk, 5.5-Ounce Tube, White"
adhesive_epoxy,<a_151>,1,0.008,14,0.07142857142857142,"{'3d_filament': 4, 'other': 3, 'gauge_meter': 2, 'fastener': 2, 'tape': 2}","SA180 Adhesive Standoffs, 24 Pack, 0.180"" Height, Offset 0.6x0.6"" Base, Fits 0.125"" PCB Hole"
adhesive_epoxy,<a_220>,1,0.008,53,0.018867924528301886,"{'other': 37, 'tape': 7, 'ventilation_fan': 4, '3d_filament': 2, 'adhesive_epoxy': 1}",ABN Adhesive Sticky Back 80-Grit Sandpaper Roll 2-3/4&rdquo; Inch x 20 Yards Aluminum Oxide Golden Yellow Longboard Dura PSA
adhesive_epoxy,<a_177>,1,0.008,2,0.5,"{'other': 1, 'adhesive_epoxy': 1}",Devcon Epoxy Bathtub Repair Kit (Almond & White)
adhesive_epoxy,<a_120>,1,0.008,22,0.045454545454545456,"{'other': 17, '3d_filament': 2, 'ventilation_fan': 1, 'gauge_meter': 1, 'adhesive_epoxy': 1}","ZING 1885S Zing Safety Sign, Fire Extinguisher with Arrow, 14"" Height x 3.25"" Width, Recycled Polystyrene SelfAdhesive, Red on White"
adhesive_epoxy,<a_85>,1,0.008,29,0.034482758620689655,"{'other': 21, 'gauge_meter': 3, '3d_filament': 3, 'adhesive_epoxy': 1, 'ventilation_fan': 1}","Pack of 12 Double Sided Plated-through Holes (THP) 2""x1.34"" 250hole Epoxy Fiber Pitch 0.1"" (Veroboard)"
fastener,<a_160>,40,0.21390374331550802,82,0.4878048780487805,"{'fastener': 40, 'gauge_meter': 34, 'other': 8}","Kreg SML-C125-500 1-1/4-Inch #8 Coarse Pocket Hole Screws with Washer-Head, 500-Pack || Kreg SML-C2-250 Pocket Screws 2-Inch, 8 Coarse, Washer Head, 250 Count || Brass Wood Screw, Plain Finish, Flat Head, Slotted Drive, 3/8"" Length, #6 Threads (Pack of 100) || ARROW 160455 Drywall Drill Bit, Screw and Anchor Kit || Kreg SK03 Pocket-Hole Screw Kit in 5 Sizes || Kreg SML-C125-100 1-1/4-Inch 8-Coarse Washer-Head Pocket Screws, 100-Count || Best Quality Plastic Self Drilling Drywall Anchors with Screws Kit, 100 Pieces All Together, Anchors Made in USA || Ribbed Plastic Drywall Anchor Kit with Screws and Masonry Drill Bit, #10-12 x 1"
fastener,<a_147>,34,0.18181818181818182,38,0.8947368421052632,"{'fastener': 34, 'other': 4}","316 Stainless Steel Machine Screw, Plain Finish, Flat Head, Phillips Drive, 1/2"" Length, #10-24 Threads (Pack of 25) || Neiko 50432A Nylon Lock Nut Assortment Kit with Carrying Case, 150 Pieces | SAE || Crown Bolt 30092 3/4 Inch Zinc-Plated SAE Flat Washers, 25-Count || The Hillman Group 180147 Nylon Insert Lock Nut, 1/4-Inch by 20-Inch, 100-Pack || Stainless 1/4-20 Hex Nuts, USS Coarse Thread, 304 Stainless Steel, 100 pieces (1/4 Hex Nuts) || Hillman 829300 1/4-20 SS HEX NUT || Accessbuy 347pc Home Nut, Bolt, Screw & Washer Assortment - All Phillips Head! || Hard-to-Find Fastener 014973291433 Phillips Flat TwinFast Wood Screws, 6 x 1/2-Inch, 100-Piece"
fastener,<a_156>,31,0.1657754010695187,47,0.6595744680851063,"{'fastener': 31, 'other': 11, 'gauge_meter': 4, 'tape': 1}","Hilitchi 260pcs M3/4/5/6/8 Allen Head Socket Hex Grub Screw Set Assortment Kit with Plastic Box 12.9 Class Black Alloy Steel || Swordfish 31930 Stainless Steel Screw Assortment, 420 Piece || Stainless Steel Phillips Flat Machine Screw Kit #K18MPF || Neiko 50484A Internal Hex/Allen Socket-Head Set Screw Assortment, (200 Piece), 5/32"" x 3/16""/1/4"" x 3/8 || Tradespro 836344 Zinc Metric Nut and Bolt Assortment, 240-Piece || Innovative Components AN4C-5S3L-21 1.75"" Star Knob thru hole&nbsp; 1/4-20 steel zinc lock nut black pp (Pack of 10) || Stainless Steel Phillips Pan Sheet Metal Screw Assortment Kit || Stainless Steel Hex Nut Assortment Kit"
fastener,<a_96>,18,0.0962566844919786,52,0.34615384615384615,"{'other': 31, 'fastener': 18, 'gauge_meter': 3}","Stanley TRA708T Sharpshooter 1/2-Inch Leg Length Staples, Steel (1000 Count) || Stanley TRA708SST 1/2-Inch HD Stainless Steel Narrow Crown Staple || Swordfish 32051 Brass Plated Wood Screw Assortment, 500 Piece || Stanley TRA700BN Heavy-Duty Staple & Brad Assortment, 2500-Pack || Arrow Fastener 508IP Genuine T50 1/2-Inch Staples, 5,000-Pack || Arrow Fastener 609 Wide Crown Swingline Style Heavy Duty 9/16-Inch Staples, 1000-Pack || Arrow Fastener 214 Genuine JT21 1/4-Inch Staples, 1,000-Staples || OOK 55300 Hangman Double Headed Bear Claw 4 In 1 Screw, 12-Count"
fastener,<a_222>,8,0.0427807486631016,25,0.32,"{'tape': 12, 'fastener': 8, 'other': 5}","3M Dual Lock Reclosable Fastener TB3561/TB3562 400/170 Clear 1 in x 10 ft (1 Mated Strip/Bag) || 3M Dual Lock Reclosable Fastener TB3551/TB3552 400/170 Black 1 in x 10 ft (1 Mated Strip/Bag) || 3M Dual Lock Reclosable Fastener TB3560 250/250 Clear, 1 in x 10 ft (1 Mated Strip/Bag) || 3M Fastener TB3571/TB3572 Hook/Loop Black, 1 in (25.4mm) x 10 ft (3.05m) (1 Mated Strip/Bag) || 3M Dual Lock Reclosable Fastener TB3550 250/250 Black, 1 in x 10 ft (1 Mated Strip/Bag) || 3M Fastener TB3526N/TB3527N Hook/Loop Black, 1 in x 10 ft (1 Mated Strip/Bag) || 3M Dual Lock Reclosable Fastener SJ3560 250 Clear, 1/2 in x 6 Ft by 3M || 3M Dual Lock Reclosable Fastener SJ3560 250 Clear, 1 in x 6 Ft"
fastener,<a_92>,8,0.0427807486631016,29,0.27586206896551724,"{'other': 14, 'fastener': 8, 'connector_fitting': 5, 'gauge_meter': 2}","Steel Flat Washer, Plain Finish, ASME B18.22.1, 1/4"" Screw Size, 9/32"" ID, 5/8"" OD, 0.065"" Thick (Pack of 100) || Hillman Group 829720 1/4 by 20-Inch Stainless Steel Nylon Insert Locknut, 50-Pack, Single || Arrow Fastener WA3/16 Aluminum Washers || Round Spacer, Aluminum, Plain Finish, #10 Screw Size, 3/8"" OD, 0.192"" ID, 1/8"" Length, Made in US (Pack of 10) || Lehigh 5/16-9 x 3-1/4 inch Stainless Steel Screw Eyes (6 Pack) || Steel Flat Washer, Black Oxide Finish, ASME B18.22.1, 1/4"" Screw Size, 9/32"" ID, 5/8"" OD, 0.065"" Thick (Pack of 100) || Round Spacer, Nylon, Off-White, 3/8"" Screw Size, 0.675"" OD, 11/64"" ID, 9/16"" Length, Made in US (Pack of 100) || Ribbed ""L"" Series Rivet Nuts - Material: Steel-Yellow Zinc, Thread Size: 8-32 UNC, Grip Range: .020-.080, 100 Piece Box"
fastener,<a_234>,5,0.026737967914438502,55,0.09090909090909091,"{'other': 33, 'connector_fitting': 8, 'gauge_meter': 6, 'fastener': 5, 'tape': 2}","Atoplee 5pcs Machine Screw Metric Thread Plug Taps Set M3 M4 M5 M6 M8 || 20Pcs Steel Rivet Nut Insert Nutsert 5/16-18 || #1 Best Quality Zinc Self Drilling Drywall Anchors with Screws Kit, 100 Pieces All Together || Self Drilling Drywall Plastic Anchors with Screws Kit || Pro Magnets Neodymium Round Base Magnet with 20mm Mounting Screws (3-Pieces)"
fastener,<a_237>,4,0.0213903743315508,73,0.0547945205479452,"{'adhesive_epoxy': 63, 'other': 5, 'fastener': 4, 'tape': 1}","SCIGRIP 4 Acrylic Solvent Cement, Water-thin, 1 Pint Can with Screw-On Cap, Clear || SCIGRIP 3 Acrylic Solvent Cement, Low-VOC, Water-thin, 1 Pint Can with Screw-on Cap, Clear || SCIGRIP 4 10308 Acrylic Solvent Cement, Water-thin, 1/4 Pint Can with Screw-on Cap, Clear || SCIGRIP 16 Acrylic Cement, Low-VOC, Medium bodied, 1 Pint Can with Screw-on Cap, Clear"
fastener,<a_99>,3,0.016042780748663103,12,0.25,"{'gauge_meter': 4, 'other': 4, 'fastener': 3, '3d_filament': 1}","25-Pack 7/64"" Stainless Steel Screw Eye Rings || uxcell Metal Nut LED Mounting Holder Panel w 3mm 50 Pieces Black || 44pc 8mm Mini Brass Hinge Replacement Wood Screws - Great for Arts & Crafts"
fastener,<a_200>,3,0.016042780748663103,88,0.03409090909090909,"{'other': 50, 'gauge_meter': 17, '3d_filament': 6, 'tape': 5, 'adhesive_epoxy': 3}","Senco 06A162P DuraSpin Number 6 by 1-5/8-Inch Drywall to Wood Collated Screw (1,000 per Box) || Milwaukee 0490-22 4-Volt Lithium-Ion Screwdriver Kit || Nalgene 2423-0500 LDPE Color-Coded Unitary Wash Bottle, 500mL Capacity, Colored Polypropylene Screw Cap, Assorted Cap Colors, Pack of Four"
fastener,<a_209>,3,0.016042780748663103,40,0.075,"{'other': 36, 'fastener': 3, 'gauge_meter': 1}","6 Pack - 5-inch, 16x125mm Pyrex Glass Test Tubes with Screw Caps || Karter Scientific 207B3 Vol 10ml, Screw Top, Plastic Test Tubes & Caps, Round, 16x100mm (Pack of 25) || 20x150mm Glass Test Tube, Screw Top, With Cap, Black (Pack 10) Karter Scientific 402H2"
fastener,<a_193>,3,0.016042780748663103,27,0.1111111111111111,"{'other': 24, 'fastener': 3}","Yeast Nutrient 1 lb. || Nutribiotic Dentalgel, 4.5 Ounce || Yeast Nutrient - 8 oz."
fastener,<a_141>,2,0.0106951871657754,37,0.05405405405405406,"{'other': 30, 'gauge_meter': 4, 'fastener': 2, 'tape': 1}","Bulldog 131525 Multi-Screwdriver Holder Peg Hook || Crawford PBS9 Screwdriver Holder, Blue"
fastener,<a_90>,2,0.0106951871657754,14,0.14285714285714285,"{'metadata_placeholder': 7, 'other': 4, 'fastener': 2, 'gauge_meter': 1}",Genie 34107R.S Screw Drive Carriage || General Tools 714 Quick Check Screw Gage
fastener,<a_151>,2,0.0106951871657754,14,0.14285714285714285,"{'3d_filament': 4, 'other': 3, 'gauge_meter': 2, 'fastener': 2, 'tape': 2}",Uxcell a09082800ux0246 Red Motherboard Screw Insularing Fiber Washers (Pack of 100) || uxcell 50 Pcs Metal Hex M3 Female Screw PCB Standoff Spacers 8mm Body
fastener,<a_165>,2,0.0106951871657754,32,0.0625,"{'other': 29, 'fastener': 2, 'gauge_meter': 1}","American Educational 7-G65 Cast Aluminum Right Angle Clamp Holder with Nickel-Plated Steel Thumbscrew || HHIP 3900-2136 Replacement Bolt-On Spare Jaw, For 6"" Milling Vises (Pack of 1)"
fastener,<a_235>,2,0.0106951871657754,32,0.0625,"{'other': 30, 'fastener': 2}","Premium Vials B4702-12 Glass Vial with Screw Cap, 1 Dram Capacity, Amber (Pack of 12) || 1/4 Dram AMBER Glass Vial - Screw Cap w/ Orifice Reducer - Pack of 24"
fastener,<a_198>,1,0.0053475935828877,10,0.1,"{'other': 9, 'fastener': 1}",Skin Staple Remover Kit
fastener,<a_203>,1,0.0053475935828877,13,0.07692307692307693,"{'other': 8, 'metadata_placeholder': 2, 'fastener': 1, 'connector_fitting': 1, 'ventilation_fan': 1}","Enerlites HET06A-White 1-5-10-15-20-30 Minutes Preset In-Wall Countdown Timer Switch, w Decorator Wall Plate, White"
fastener,<a_88>,1,0.0053475935828877,19,0.05263157894736842,"{'other': 14, 'connector_fitting': 3, 'fastener': 1, 'ventilation_fan': 1}","STEREN Grip-Clip Single Coaxial Cable Mounting Fastener Clips, 100ct Black"
other,<a_145>,56,0.02711864406779661,56,1.0,{'other': 56},"Colgate Cavity Protection Toothpaste with Fluoride - 1 ounce (24 Pack) || iRobot Roomba 880 Robot Vacuum || Philips Sonicare HealthyWhite+ electric rechargeable toothbrush, HX8911 || Colgate Optic White Whitening Toothpaste, Sparkling White - 0.85 ounce (Case of 24) || Colgate Optic White Whitening Toothpaste, Sparkling Mint - 5 ounce (6 Pack) || Oral-B Professional Healthy Clean + Prowhite Precision 4000 Rechargeable Electric Toothbrush 1 Count || Oral-B CrossAction Power Max Whitening Rechargeable Electric Toothbrush (Colors may vary) || Philips Sonicare Hx3631/03 Powerup Battery Toothbrush, Orange"
other,<a_36>,52,0.025181598062953996,54,0.9629629629629629,"{'other': 52, 'fastener': 1, '3d_filament': 1}","SEOH GLASS FUNNEL Neutral glass 100 mm 100 mm stem || Karter Scientific 213A2 Borosilicate Glass Low Form Glass Beaker, 50/100/250/500/1000 mL (Pack of 5) || 213C2 Karter Scientific Glass Graduated Cylinder 3 Piece Set 10, 50 & 100ml || Corning Pyrex 5 Piece Glass Graduated Low Form Griffin Beaker Assortment Pack, with Double Scale || SEOH Erlenmeyer Flask Set 50 125 250 500 and 1000ml || PYREX 2L Narrow Mouth Erlenmeyer Flasks with Heavy Duty Rim, 1/pk || PYREX 1L Narrow Mouth Erlenmeyer Flasks with Heavy Duty Rim, Ea || Pyrex 1003-250CN Heavy Duty Griffin 1003 250mL Beaker Double Scale Grad, Glass"
other,<a_200>,50,0.024213075060532687,88,0.5681818181818182,"{'other': 50, 'gauge_meter': 17, '3d_filament': 6, 'tape': 5, 'adhesive_epoxy': 3}","Eye-Vac EVPRO Tuxedo Black Touchless Stationary Vacuum &ndash; 1400 Watts Professional Vacuum with HEPA Filtration, Bag-less Canister. Floor Care || Racor LDL-1B Ladder Lift || Wixey WR510 Digital Planer Readout with Fractions || Gorilla Gripper 44010 Panel Carrier || Bercom BER-2520-CT INC 6PK Handy 2520-CT Paint Pail Liners, 6-Count, Clear || Panasonic NN-H765BF 1.6 Cubic Foot Countertop Microwave Oven with Inverter Technology, Black || Watersafe WS425W Well Water Test Kit || Smith-Cooper International 8135 Series Brass Ball Valve, Inline, Lever Handle, 1-1/4"" NPT Female, Non-Potable Water Use Only"
other,<a_254>,47,0.022760290556900726,49,0.9591836734693877,"{'other': 47, 'gauge_meter': 2}","UltraSource 192033 Hamburger Patty Paper, 5.5"" x 5.5"" (Pack of 1000) || UltraSource 192033 Hamburger Patty Paper, 5.5"" x 5.5"" (Pack of 1000) || Augbunny 100% Cotton 5- by 7-Inch Muslin Bags with Drawstring, 12-Pack || Pratt PRA0017 100% Recycled Corrugated Cardboard Box, 8"" Length x 6"" Width x 6"" Height, Kraft || Avery Shipping Tags, Reinforced Hole, Manila, 4.75 x 2.375 Inches, Pack of 100 (11011) || Mini Zip Lock Bags 1 X 1 Inch (2000 Bags) || Amamax Clear Zip Lock Bags, 4 X 6"", 500 Count || Dazzling Displays 2 Mil 1.5"" x 2"" Clear Resealable Zip Lock Poly Bags - Case of 1000"
other,<a_6>,46,0.022276029055690073,74,0.6216216216216216,"{'other': 46, 'tape': 10, 'adhesive_epoxy': 10, 'gauge_meter': 4, 'ventilation_fan': 2}","White SiliconeTubing, 1/2""ID, 3/4""OD, 1/8""Wall, 25' Length || White SiliconeTubing, 3/16""ID, 1/4""OD, 1/32"" Wall, 10' Length || ATP Vinyl-Flex PVC Food Grade Plastic Tubing, Clear, 3/8"" ID x 1/2"" OD, 100 feet Length || KYDEX V Sheet - 0.028"" Thick, Black, 12&rdquo;x12&rdquo; Nominal || LASCO 02-1048E Rubber Sheet, 6-Inches X 6-Inches and 1/16-Inch Thick || Durable Heavy Duty Aluminum Foil Roll, 18 Width x 1000' Length || HDPE (High Density Polyethylene) Sheet, Opaque Off-White, Standard Tolerance, ASTM D4976-245, 0.125"" Thickness, 12"" Width, 24"" Length || Pratt Plus ST.I-15V.20 Polyethylene Standard Bundling Cast Stretch Wrap, 2000' Length x 15"" Width x 8.1 microns Thick, Clear"
other,<a_215>,41,0.019854721549636804,72,0.5694444444444444,"{'other': 41, 'gauge_meter': 20, '3d_filament': 6, 'test_strip': 2, 'ventilation_fan': 1}","New 12V 5A 12V 19mm Red LED Momentary Push Button Metal Switch Car Boat Speakers Bells Horn || Marrywindix 6pcs ESD Precision Anti-Static Tweezers, Tweezers Stainless Steel Tweezers with a Bag for Electronics Jewelry-Making Repairing || Tach-It B-1 Single Edge Industrial Razor Blade (Pack of 100) || CO-Z 5pcs Hss Cobalt Multiple Hole 50 Sizes Step Drill Bit Set with Aluminum Case || HDE RJ45 RJ11 RJ12 Cat5 Cat6 UTP Network Cable Tester for LAN Phone Wire Test Tool || Audioengine D1 24-bit Digital-to-Analog Converter || iFixit Pro ESD Tweezer Set with precision extra fine, blunt, and grooved tips Model: IF145-060-2 || ABN 3-Piece Titanium Step Drill Bit Set M2 Steel - 28 Sizes, SAE"
other,<a_175>,40,0.01937046004842615,62,0.6451612903225806,"{'other': 40, 'adhesive_epoxy': 18, 'ventilation_fan': 2, 'tape': 2}","Shoreline Marine GOOP, 3.7-Ounce, Clear || GE Silicone 2+ Window & Door Caulk, 10.1 Oz. Tube, Clear, GE5000 || Dap 18120 Alex Plus Brown (18112) Raw Building Material || Silicone RTV 4500 FDA Grade High Strength Silicone Sealant, Clear (2.8 fl.oz) || Dap 18370 Self-Leveling Concrete 3.0 Sealant 9.0-Ounce || General Electric GE360 Kitchen and Bath  Silicone I Caulk, 2.8-Ounce, Clear || DAP INC 18152 10.1oz White Alex Plus Acrylic Latex Caulk with Silicone || Sil-Bond RTV 6500 high temperature 1-Part industrial/construction grade silicone sealant"
other,<a_220>,37,0.01791767554479419,53,0.6981132075471698,"{'other': 37, 'tape': 7, 'ventilation_fan': 4, '3d_filament': 2, 'adhesive_epoxy': 1}",Metronic 12 inch Impulse Bag Sealer Poly Bag Sealing Machine Heat Seal Closer with Repair Kit(12 inch) || DuPont Teflon Non-Stick || Syrtenty TENS Unit Electrodes Pads 2x2 20 Pcs Replacement Pads Electrode Patches For Electrotherapy || Plant Therapy 2 ml (5/8 dram) Amber Glass Essential Oil Bottle with Orifice Reducer and cap- 12 pack || DuPont Teflon Non-Stick || 3M Aqua-Pure Whole House Replacement Water Filter &ndash; Model AP810 || Ajent Citric Acid 100% Pure Food Grade Non-GMO (Approved for Organic Foods) 5 Pound || 213S3 Karter Scientific 30ml Amber Glass Dropping Bottle With Glass Dropper
other,<a_18>,36,0.017433414043583534,39,0.9230769230769231,"{'other': 36, 'gauge_meter': 1, 'connector_fitting': 1, 'ventilation_fan': 1}","4 Pack Caster Wheels Swivel Plate Stem Brake Casters On Red Polyurethane Wheels (4 inch with brake) || WEN 73002 500-Pound Capacity Service Cart || Vestil FWD-1824-3R Fiberwood Dolly with 3"" Rubber Casters, 800 lbs Capacity, 23-3/4"" Length x 17-7/8"" Width x 4-11/16"" Height Deck || MegaDeal AC201710300001 12 Pack 2"" Swivel Caster Wheels Rubber Base with Top Plate & Bearing Heavy Duty || Gorilla Carts GOR6PS Heavy-Duty Poly Yard Dump Cart with 2-In-1 Convertible Handle, 1,200-Pound Capacity, Black || Steelex D2608 3-Inch 150-Pound Swivel Double Lock Polyurethane Plate Caster || Steelex D2604 3-Inch 220-Pound Fixed Polyurethane Plate Caster, Red || Woodtek 163703, Hardware, Casters And Glides, Furniture & Cabinet, Workbench Stepdown Caster Set, 4 Each"
other,<a_209>,36,0.017433414043583534,40,0.9,"{'other': 36, 'fastener': 3, 'gauge_meter': 1}","Plastic Transfer Pipettes 3ml, Graduated, Pack of 100 || Plastic Transfer Pipettes 3ml Graduated Pack of 100 || SEOH 4 inch Glass Pipette Droppers (pack of 12) || Dropper-Plastic Pippets, Set of 12 || 17 X 100mm Graduated Plastic Test Tubes with Caps, 25 Pack || Lake Charles Manufacturing 201A5 Plastic Test Tubes with Caps, Clear (Pack of 10) || Vktech 100PCS 1ml Graduated Pipettes Dropper Polyethylene || Vestil BTL-RC-8-LBL Low Density Polyethylene (LDPE) Round Graduated Dispensing Bottle with Label and Red Cap, 8 oz Capacity, Translucent"
other,<a_126>,36,0.017433414043583534,48,0.75,"{'other': 36, 'gauge_meter': 6, 'tape': 4, 'connector_fitting': 1, 'ventilation_fan': 1}","E-Projects EPC-102 43 Value Resistor Kit, 1 Ohm - 10M Ohm (Pack of 1075) || Uxcell a13081500ux0353 20 Piece 50-100K Ohm Photoresistor Photo Resistors Light-Dependent Resistance || Top-cofrLD 1/4w Resistors Pack 164 values x 10pcs = 1640pcs 0-22M Metal Film Full range resistors Assortment Kits || Electronics-Salon 0.47uF to 1000uF Electrolytic Capacitors Assortment Kit, 13 Values, Total 200 Pieces || E-Projects EPC-103 16 Value Resistor Kit, 10 Ohm - 1M Ohm (Pack of 400) || Elenco RS-500 Resistance Substitution Box || sunkee 12 Value (1uf-470UF) 120 pcs Electrolytic Capacitors kit,50V1UF,each 10 pcs || E-Projects EPC-101 31 Value Resistor Kit, 10 Ohm - 1M Ohm, 1/4 Watt (Pack of 775)"
other,<a_35>,35,0.01694915254237288,53,0.660377358490566,"{'other': 35, 'gauge_meter': 17, 'connector_fitting': 1}","Stainless Steel 304L Welded Round Tubing, 2"" OD, 1.93"" ID, 0.035"" Wall, 36"" Length || Zoeller 30-0181 PVC Plastic Check Valve, 1-1/2 Inch || 6061 Aluminum Rectangular Bar, Unpolished (Mill) Finish, Extruded, T6511 Temper, ASTM B221, 1/8"" Thickness, 1"" Width, 36"" Length || 6101 Aluminum Rectangular Bar, Unpolished (Mill) Finish, T61 Temper, ASTM B317, 1/4"" Thickness, 2"" Width, 12"" Length || Five 1"" Inch Chrome Steel Bearing Balls G25 || 608 ZZ Skateboard Bearings, Double Shielded, Silver (Pack of 8) || Cold Rolled Steel A513 Drawn Over Mandrel Round Tubing, ASTM A513, 1-1/4"" OD, 1.01"" ID, 0.12"" Wall, 72"" Length || 1000 lbs Capacity 12 Lazy Susan Bearing 5/16 Thick Turntable Bearings VXB Brand"
other,<a_176>,34,0.01646489104116223,40,0.85,"{'other': 34, 'connector_fitting': 5, 'tape': 1}","Z&T Solderless Flexible Breadboard Jumper Wires M/M 100pcs || TEKTRUM EXTERNALLY POWERED SOLDERLESS 1660 TIE-POINTS EXPERIMENT PLUG-IN BREADBOARD WITH ALUMINUM BACK PLATE AND JUMPER WIRES FOR PROTO-TYPING CIRCUIT/ARDUINO || 100 x 2N2222 NPN TO-92 Plastic-Encapsulate Power Transistors 75V 600mA || SUNKEE 28-pin ZIF Socket || microtivity IM414 Double-sided Prototyping Board (4x6cm, Pack of 5) || uxcell 5 Pcs 5cm x 7cm Double Sided Prototype Universal PCB Circuit Board || Haobase 100Pcs 1A 50V Diode 1N4001 IN4001 DO-41 || Vktech 10pcs 4x6cm Double Side Prototype PCB Universal Printed Circuit Board"
other,<a_234>,33,0.015980629539951573,55,0.6,"{'other': 33, 'connector_fitting': 8, 'gauge_meter': 6, 'fastener': 5, 'tape': 2}","Polycarbonate (PC) Sheet, Transparent Clear, Standard Tolerance, ASTM D3935, 0.093"" Thickness, 12"" Width, 24"" Length || Polycarbonate (PC) Sheet, Transparent Clear, Standard Tolerance, ASTM D3935, 0.08"" Thickness, 12"" Width, 24"" Length || URBEST 530 Pcs 2:1 Heat Shrink Tubing Tube Sleeving Wrap Cable Wire 5 Color 8 Size || Ancor Tinned Copper Lugs 8 AWG - 4/0 AWG || Ancor Tinned Copper Lugs 8 AWG - 4/0 AWG || Caster Classics 2-inch Low Profile HD Rubber Wheel Plate Casters - 4-Pack || Workbench Caster Kit 4 Pack || 4.5"" x 7/8"" Premium Zirconia Flap Disc Grinding Wheel 60 Grit Type 29-10 Pack"
other,<a_239>,33,0.015980629539951573,33,1.0,{'other': 33},"Texas Instruments NE555N NE555 NE555P General Purpose Single Bipolar Timer DIP8 50 Pack || DAOKI 10PCS Digital DC 5V Amplifier Board Class D 23W USB Power Mini PAM8403 Audio Module || Hantek DSO5072P Digital Oscilloscope, 70 MHz Bandwidth, 1 GSa/s, 7.0"" Display || Rigol DS1054Z Digital Oscilloscopes - Bandwidth: 50 Mhz, Channels: 4 || STMicroelectronics L7805CV 5V 1.5A Positive Voltage Regulator, 5 Pieces || STMicroelectronics UA741CN Operational Amplifier (Pack of 10) || STMicroelectronics LM317T LM317 Adjustable Voltage Regulator IC 1.2V To 37V 1.5A 1 Pack || JYE DSO 138 DIY KIT (13801K) Open Source"
other,<a_19>,32,0.01549636803874092,33,0.9696969696969697,"{'other': 32, 'ventilation_fan': 1}","Dico 541-774-21/2 Nyalox Cup Brush 21/2-Inch Grey 80 Grit || Osborn International 75116SP Steel File Card, 3-3/4"" Brush Area Length || Carlisle 3621962414 Sweep Complete Aluminum Handle Floor Sweep with Squeegee, Plastic Bristles, 24"" Length, 3"" Bristle Trim, Blue || Dico 541-786-21/2 Nyalox Cup Brush 21/2-Inch Blue 240 Grit || Nicholson File and Rasp Cleaner, 10"" Length (Pack of 1) || Century Drill and Tool 76221 Coarse Drill Cup Wire Brush, 2-3/4-Inch || Forney 72757 Wire Cup Brush, Knotted with 5/8-Inch-11 Threaded Arbor, 2-3/4-Inch-by-.020-Inch || Anytime Tools 24 pc Wire Brush Wheel & Cup - Brass & Stainless Steel 1/8"" Shank for Rotary Tools"
other,<a_5>,32,0.01549636803874092,32,1.0,{'other': 32},"First Aid Only Scissors & Metal Forcep Pack || Premiere 9411 Disposable Scalpels with #11 High-Carbon Steel Blades, Plastic Handle, Sterile, Individually Foil Wrapped, Box of 10 pcs || Tach-It Model-T Ultra-Rugged Retractable Snap Off Blade Utility Knife (Pack of 12) || MABIS Stainless Steel Tweezers, Thumb Dressing Forceps, Serrated Forceps, Silver || TWEEZERS w/Cross Locking Action, Straight Tips & FIBER HANDLES || Aven 12002 Stainless Steel Hemostat, Curved Serrated Jaws, Ratchet Lock, 3-1/2"" Length || SE Forceps, Straight 12"" + Curved 12 || Swann-morton Scalpel Blades, #12, 5 Pack | KNF-235.12"
other,<a_57>,32,0.01549636803874092,42,0.7619047619047619,"{'other': 32, 'connector_fitting': 7, 'gauge_meter': 2, 'fastener': 1}","Gardner Bender GSW-20  Electrical Toggle Switch Covers, EDPM Rubber Cover, Moisture, Dust and Dirt Resistant, Pack of 2, Black || uxcell AC 600V 10A Red Mushroom Emergency Stop Push Button Switch 22mm NO NC || Woodstock D4160 110-Volt Paddle Switch || HONBAY 20 Pcs 1.2inch Thread Green & Red Cap SPST Latching Type Push Button Switch OFF-ON || Uxcell a12110700ux0244 5 x 10mm Red Square Wired Car Horn Momentary Push Button Switch AC 250V 3A || Saim Momentary Switch Mushroom Push Button Station || Parts Express Momentary N.O. Classic Small Push Button Switch Red || Parts Express Nickel Plated Pin Switch w/Polycarb Plunger and Rubber Boot"
other,<a_96>,31,0.015012106537530266,52,0.5961538461538461,"{'other': 31, 'fastener': 18, 'gauge_meter': 3}","Wall Control ASM-SH-1606 R Deep Pegboard Shelf Assembly for Wall Control Pegboard Only, 6"", Red || Storehouse 67543 220 Piece Wall Anchor Assortment || 100pc 1/4"" Grommets Eyelets for Clothes, Leather, Canvas - Self-Backing || Stanley R120 Rivet Pack Assortment || ITW Brands 25350#50 Plastic Dry Anchor || Dorman Hardware 4-9995 Magnetic Tool Bar, 16 Inch || Dorman Hardware 4-9327 Storage Hooks, 8-Pack || Stanley Hardware 75-6111 Corner Braces"
other,<a_235>,30,0.014527845036319613,32,0.9375,"{'other': 30, 'fastener': 2}","A World Of Deals 1 oz. Non-Sterile Graduated Plastic Medicine Cups, 100 Piece || Polar Ice PI125200CT 125 Count Plastic Jello Shot Cups with Lids, 2-Ounce || 5 Ml Amber Glass Bottle W/euro Dropper. Black Cap. 12 Pack || 12, Amber,15 ml (1/2 oz) Glass Bottles, with Glass Eye Dropper by Premium Vials || Medline DYND70102H Enema Bag Sets || Eclectic Supply B36-24 Cobalt Glass Bottles with Glass Eye Dropper, 1 oz Capacity, Blue (Pack of 24) || 4 oz Amber Glass Boston Round Bottles With Black Ribbed Cap - 12 Pack || 2 fl oz Amber Glass Bottle with Glass Dropper (Single)"
